# Week 2 crawl of live Wikipedia, 2026-09-08. Edge A -> B when the article of A links to the article of B; both in data/week2_nodes.tsv. 602 nodes, 4082 edges.
source	target
Abomination_(character)	Beyonder
Abomination_(character)	Deathlok
Abomination_(character)	Gargoyle_(comics)
Abomination_(character)	Hercules_(Marvel_Comics)
Abomination_(character)	Hulk
Abomination_(character)	Jessica_Jones
Abomination_(character)	Kristoff_Vernard
Abomination_(character)	Leader_(character)
Abomination_(character)	Red_Hulk
Abomination_(character)	She-Hulk
Abomination_(character)	Spider-Man
Abomination_(character)	Thunderbolt_Ross
Abraham_Cornelius	Wolverine_(character)
Absorbing_Man	Black_Bolt
Absorbing_Man	Ethan_Edwards
Absorbing_Man	Hulk
Absorbing_Man	Karnak_(character)
Absorbing_Man	Machine_Man
Absorbing_Man	Norman_Osborn
Absorbing_Man	Puck_(Marvel_Comics)
Absorbing_Man	Quasar_(character)
Absorbing_Man	Scarlet_Witch
Absorbing_Man	Sentry_(Robert_Reynolds)
Absorbing_Man	Spider-Man
Absorbing_Man	War_Machine
Absorbing_Man	Wolverine_(character)
Adam_Warlock	Black_Panther_(character)
Adam_Warlock	Black_Widow_(Natasha_Romanova)
Adam_Warlock	Bullseye_(Marvel_Comics)
Adam_Warlock	Devil_Dinosaur
Adam_Warlock	Doctor_Strange
Adam_Warlock	Emma_Frost
Adam_Warlock	Fin_Fang_Foom
Adam_Warlock	Genis-Vell
Adam_Warlock	Ghost_Rider
Adam_Warlock	Gladiator_(Kallark)
Adam_Warlock	Hulk
Adam_Warlock	Human_Torch
Adam_Warlock	Iron_Lad
Adam_Warlock	Kismet_(Marvel_Comics)
Adam_Warlock	Man-Thing
Adam_Warlock	Moon_Knight
Adam_Warlock	Moondragon
Adam_Warlock	Phyla-Vell
Adam_Warlock	Quasar_(character)
Adam_Warlock	Scarlet_Witch
Adam_Warlock	She-Hulk
Adam_Warlock	Spider-Man
Adam_Warlock	Spot_(Marvel_Comics)
Adam_Warlock	Star-Lord
Adam_Warlock	Thanos
Adam_Warlock	Tombstone_(character)
Adam_Warlock	Ultron
Agent_X_(Marvel_Comics)	Bob,_Agent_of_Hydra
Agent_X_(Marvel_Comics)	Cable_(character)
Agent_X_(Marvel_Comics)	Outlaw_(Marvel_Comics)
Ajak	Hercules_(Marvel_Comics)
Ajak	Ikaris
Ajak	Kro_(character)
Ajak	Makkari_(character)
Ajak	Thena
Alex_Wilder	Chase_Stein
Alexander_Bont	Gladiator_(Melvin_Potter)
Anne_Weying	Deadpool
Anne_Weying	Eddie_Brock
Anne_Weying	Shriek_(character)
Anne_Weying	Spider-Man
Anne_Weying	Venom_(character)
Anole_(character)	Cyclops_(Marvel_Comics)
Anole_(character)	Emma_Frost
Anole_(character)	Glob_Herman
Anole_(character)	Hellion_(character)
Anole_(character)	Hulkling
Anole_(character)	Northstar_(character)
Anole_(character)	Rockslide_(character)
Answer_(comics)	Black_Cat_(Marvel_Comics)
Answer_(comics)	Cloak_and_Dagger_(characters)
Answer_(comics)	Doctor_Strange
Answer_(comics)	Farley_Stillwell
Answer_(comics)	Hobgoblin_(Marvel_Comics)
Answer_(comics)	Silvermane
Answer_(comics)	Spider-Man
Anya_Corazon	Doomsday_Man
Anya_Corazon	Dusk_(comics)
Anya_Corazon	Hobgoblin_(Marvel_Comics)
Anya_Corazon	Hydro-Man
Anya_Corazon	Jackal_(Marvel_Comics_character)
Anya_Corazon	Machine_Man
Anya_Corazon	Mayday_Parker
Anya_Corazon	Ms._Marvel
Anya_Corazon	Phil_Urich
Anya_Corazon	Power_Man_(Victor_Alvarez)
Anya_Corazon	Puppet_Master_(Marvel_Comics)
Anya_Corazon	Rikki_Barnes
Anya_Corazon	Screwball_(character)
Anya_Corazon	Spider-Girl
Anya_Corazon	Spider-Man
Anya_Corazon	Spider-Man_Noir
Anya_Corazon	Spider-Woman_(Gwen_Stacy)
Anya_Corazon	Spider-Woman_(Jessica_Drew)
Anya_Corazon	Thunderbolt_Ross
Apocalypse_(character)	Absorbing_Man
Apocalypse_(character)	Betsy_Braddock
Apocalypse_(character)	Black_Bolt
Apocalypse_(character)	Cable_(character)
Apocalypse_(character)	Cyclops_(Marvel_Comics)
Apocalypse_(character)	Deathlok
Apocalypse_(character)	Dracula_(Marvel_Comics)
Apocalypse_(character)	Franklin_Richards_(character)
Apocalypse_(character)	Hulk
Apocalypse_(character)	Ikaris
Apocalypse_(character)	Jean_Grey
Apocalypse_(character)	Living_Monolith
Apocalypse_(character)	Mister_Sinister
Apocalypse_(character)	Moon_Knight
Apocalypse_(character)	Phoenix_Force
Apocalypse_(character)	Storm_(Marvel_Comics)
Apocalypse_(character)	Vulcan_(Marvel_Comics)
Apocalypse_(character)	War_(Marvel_Comics)
Apocalypse_(character)	Wolverine_(character)
Arabian_Knight_(character)	Black_Panther_(character)
Arabian_Knight_(character)	Hulk
Arabian_Knight_(character)	Humus_Sapien
Arabian_Knight_(character)	Machine_Man
Arabian_Knight_(character)	Sabra_(character)
Arabian_Knight_(character)	She-Hulk
Arabian_Knight_(character)	Storm_(Marvel_Comics)
Arabian_Knight_(character)	Thunderbolt_Ross
Arabian_Knight_(character)	Union_Jack_(Joseph_Chapman)
Arabian_Knight_(character)	Union_Jack_(Marvel_Comics)
Ares_(Marvel_Comics)	Balder_the_Brave
Ares_(Marvel_Comics)	Black_Knight_(Marvel_Comics)
Ares_(Marvel_Comics)	Danger_Room
Ares_(Marvel_Comics)	Hercules_(Marvel_Comics)
Ares_(Marvel_Comics)	Ikaris
Ares_(Marvel_Comics)	Mac_Gargan
Ares_(Marvel_Comics)	Maestro_(character)
Ares_(Marvel_Comics)	Norman_Osborn
Ares_(Marvel_Comics)	Outlaw_(Marvel_Comics)
Ares_(Marvel_Comics)	Sentry_(Robert_Reynolds)
Ares_(Marvel_Comics)	Shang-Chi
Aries_(character)	Black_Panther_(character)
Aries_(character)	Libra_(Marvel_Comics)
Aries_(character)	Mister_Sinister
Aries_(character)	Moon_Knight
Aries_(character)	Quicksilver_(Marvel_Comics)
Aries_(character)	Scorpio_(Marvel_Comics)
Aries_(character)	Taurus_(Marvel_Comics)
Aries_(character)	Thanos
Aries_(character)	War_Machine
Attuma	Hulk
Attuma	Llyra
Attuma	Orka_(character)
Attuma	Sentry_(Robert_Reynolds)
Attuma	Tiger_Shark_(Marvel_Comics)
Awesome_Android	Rom_the_Space_Knight
Awesome_Android	She-Hulk
Awesome_Android	Super-Adaptoid
Backhand_(character)	Vyking
Balder_the_Brave	Fandral
Balder_the_Brave	Hercules_(Marvel_Comics)
Balder_the_Brave	Wrecker_(comics)
Barney_Barton	Egghead_(Marvel_Comics)
Barney_Barton	Mockingbird_(Marvel_Comics)
Barney_Barton	Norman_Osborn
Barney_Barton	Ronin_(Marvel_Comics)
Baron_Brimstone	Machine_Man
Baron_Brimstone	Orka_(character)
Baron_Brimstone	Paladin_(comics)
Baron_Brimstone	Spider-Man
Baron_Strucker	Hive_(character)
Baron_Strucker	Norman_Osborn
Baron_Strucker	Scorpio_(Marvel_Comics)
Baron_Von_Blitzschlag	Gauntlet_(Joseph_Green)
Baron_Von_Blitzschlag	Hank_Pym
Baron_Von_Blitzschlag	Norman_Osborn
Baron_Von_Blitzschlag	Ragnarok_(comics)
Baron_Von_Blitzschlag	Star-Lord
Baron_Von_Blitzschlag	Thin_Man_(character)
Baron_Von_Blitzschlag	Whizzer_(Robert_Frank)
Batroc_the_Leaper	Absorbing_Man
Batroc_the_Leaper	Agent_X_(Marvel_Comics)
Batroc_the_Leaper	Black_Panther_(character)
Batroc_the_Leaper	Deadpool
Batroc_the_Leaper	Gwenpool
Batroc_the_Leaper	Iron_Fist_(character)
Batroc_the_Leaper	Spider-Man
Batroc_the_Leaper	Tarantula_(Marvel_Comics)
Battlestar_(character)	Bucky_(Marvel_Comics)
Battlestar_(character)	Power_Broker_(character)
Battlestar_(character)	U.S._Agent
Batwing_(Marvel_Comics)	Hank_Pym
Batwing_(Marvel_Comics)	Lizard_(character)
Batwing_(Marvel_Comics)	Robbie_Baldwin
Batwing_(Marvel_Comics)	Spider-Man
Batwing_(Marvel_Comics)	Thor_Girl
Beta_Ray_Bill	Adam_Warlock
Beta_Ray_Bill	Gorr_the_God_Butcher
Beta_Ray_Bill	Hulk
Beta_Ray_Bill	Kurse_(comics)
Beta_Ray_Bill	Rom_the_Space_Knight
Beta_Ray_Bill	Spider-Man
Beta_Ray_Bill	Storm_(Marvel_Comics)
Beta_Ray_Bill	Super-Skrull
Beta_Ray_Bill	Thanos
Betsy_Braddock	Anole_(character)
Betsy_Braddock	Apocalypse_(character)
Betsy_Braddock	Black_Cat_(Marvel_Comics)
Betsy_Braddock	Brian_Braddock
Betsy_Braddock	Cable_(character)
Betsy_Braddock	Captain_Marvel_(Marvel_Comics)
Betsy_Braddock	Cyclops_(Marvel_Comics)
Betsy_Braddock	Danger_Room
Betsy_Braddock	Deadpool
Betsy_Braddock	Deathlok
Betsy_Braddock	Doctor_Nemesis
Betsy_Braddock	Doctor_Strange
Betsy_Braddock	Emma_Frost
Betsy_Braddock	Fury_(Marvel_Comics)
Betsy_Braddock	Hellion_(character)
Betsy_Braddock	Jean_Grey
Betsy_Braddock	Jubilee_(character)
Betsy_Braddock	Man-Thing
Betsy_Braddock	Master_Mold
Betsy_Braddock	Mister_Sinister
Betsy_Braddock	Mysterio
Betsy_Braddock	Nanny_and_Orphan-Maker
Betsy_Braddock	Northstar_(character)
Betsy_Braddock	Ogun_(comics)
Betsy_Braddock	Phoenix_Force
Betsy_Braddock	Predator_X_(character)
Betsy_Braddock	Puck_(Marvel_Comics)
Betsy_Braddock	Quicksilver_(Marvel_Comics)
Betsy_Braddock	Rachel_Summers
Betsy_Braddock	Rockslide_(character)
Betsy_Braddock	Sabretooth_(character)
Betsy_Braddock	Sapphire_Styx
Betsy_Braddock	Scarlet_Witch
Betsy_Braddock	Selene_(comics)
Betsy_Braddock	Slaymaster
Betsy_Braddock	Spider-Man
Betsy_Braddock	Storm_(Marvel_Comics)
Betsy_Braddock	Surge_(Marvel_Comics)
Betsy_Braddock	Vulcan_(Marvel_Comics)
Betsy_Braddock	Wolverine_(character)
Betsy_Braddock	Xorn
Beyonder	Doctor_Strange
Beyonder	Dracula_(Marvel_Comics)
Beyonder	Hank_Pym
Beyonder	Luke_Cage
Beyonder	Molecule_Man
Beyonder	Phoenix_Force
Beyonder	Rachel_Summers
Beyonder	Spider-Man
Beyonder	Thanos
Bi-Beast	Hulk
Bi-Beast	Quasar_(character)
Bi-Beast	She-Hulk
Bi-Beast	Thunderbolt_Ross
Bill_Foster_(character)	Black_Panther_(character)
Bill_Foster_(character)	Egghead_(Marvel_Comics)
Bill_Foster_(character)	Hank_Pym
Bill_Foster_(character)	Hercules_(Marvel_Comics)
Bill_Foster_(character)	Hulk
Bill_Foster_(character)	Iron_Fist_(character)
Bill_Foster_(character)	Jericho_Drumm
Bill_Foster_(character)	Luke_Cage
Bill_Foster_(character)	Mockingbird_(Marvel_Comics)
Bill_Foster_(character)	Moon_Knight
Bill_Foster_(character)	Nth_Man
Bill_Foster_(character)	Quasar_(character)
Bill_Foster_(character)	Ragnarok_(comics)
Bill_Foster_(character)	Spider-Man
Bill_Foster_(character)	Spider-Woman_(Jessica_Drew)
Birdy_(character)	Sabretooth_(character)
Black_Bolt	Absorbing_Man
Black_Bolt	Apocalypse_(character)
Black_Bolt	Blastaar
Black_Bolt	Gorgon_(Inhuman)
Black_Bolt	Hulk
Black_Bolt	Human_Torch
Black_Bolt	Karnak_(character)
Black_Bolt	Kristoff_Vernard
Black_Bolt	Metal_Master_(comics)
Black_Bolt	Quicksilver_(Marvel_Comics)
Black_Bolt	Ronan_the_Accuser
Black_Bolt	Sentry_(Robert_Reynolds)
Black_Bolt	Sphinx_(Marvel_Comics)
Black_Bolt	Spider-Man
Black_Bolt	Thanos
Black_Bolt	Ultron
Black_Bolt	Vulcan_(Marvel_Comics)
Black_Cat_(Marvel_Comics)	Beyonder
Black_Cat_(Marvel_Comics)	Blade_(character)
Black_Cat_(Marvel_Comics)	Doctor_Strange
Black_Cat_(Marvel_Comics)	Foreigner_(character)
Black_Cat_(Marvel_Comics)	Hobgoblin_(Marvel_Comics)
Black_Cat_(Marvel_Comics)	Hulk
Black_Cat_(Marvel_Comics)	Hydro-Man
Black_Cat_(Marvel_Comics)	Jericho_Drumm
Black_Cat_(Marvel_Comics)	Killraven
Black_Cat_(Marvel_Comics)	Lizard_(character)
Black_Cat_(Marvel_Comics)	Maestro_(character)
Black_Cat_(Marvel_Comics)	Mayday_Parker
Black_Cat_(Marvel_Comics)	Mister_Negative
Black_Cat_(Marvel_Comics)	Misty_Knight
Black_Cat_(Marvel_Comics)	Morbius
Black_Cat_(Marvel_Comics)	Norman_Osborn
Black_Cat_(Marvel_Comics)	Paladin_(comics)
Black_Cat_(Marvel_Comics)	Scarlet_Spider
Black_Cat_(Marvel_Comics)	Silvermane
Black_Cat_(Marvel_Comics)	Spider-Man
Black_Cat_(Marvel_Comics)	Spider-Man_Noir
Black_Cat_(Marvel_Comics)	Spider-Woman_(Jessica_Drew)
Black_Cat_(Marvel_Comics)	Tinkerer_(Marvel_Comics)
Black_Cat_(Marvel_Comics)	Wolverine_(character)
Black_Fox_(Robert_Paine)	Ultron
Black_Jack_Tarr	Shang-Chi
Black_Jack_Tarr	Zheng_Zu
Black_Knight_(Marvel_Comics)	Black_Knight_(Nathan_Garrett)
Black_Knight_(Marvel_Comics)	Black_Panther_(character)
Black_Knight_(Marvel_Comics)	Doctor_Strange
Black_Knight_(Marvel_Comics)	Dracula_(Marvel_Comics)
Black_Knight_(Marvel_Comics)	Hank_Pym
Black_Knight_(Nathan_Garrett)	Black_Knight_(Marvel_Comics)
Black_Knight_(Nathan_Garrett)	Dreadknight
Black_Knight_(Nathan_Garrett)	Hank_Pym
Black_Mariah	Alex_Wilder
Black_Mariah	Iron_Fist_(character)
Black_Mariah	Janice_Lincoln
Black_Mariah	Luke_Cage
Black_Mariah	Tombstone_(character)
Black_Marvel	Spider-Man
Black_Marvel	Whizzer_(Robert_Frank)
Black_Panther_(character)	Bill_Foster_(character)
Black_Panther_(character)	Black_Bolt
Black_Panther_(character)	Deadpool
Black_Panther_(character)	Deathlok
Black_Panther_(character)	Doctor_Strange
Black_Panther_(character)	Hate-Monger
Black_Panther_(character)	Luke_Cage
Black_Panther_(character)	Misty_Knight
Black_Panther_(character)	Scarlet_Witch
Black_Panther_(character)	Shuri_(character)
Black_Panther_(character)	Storm_(Marvel_Comics)
Black_Panther_(character)	Thanos
Black_Panther_(character)	White_Tiger_(comics)
Black_Rider_(character)	Doctor_Strange
Black_Rider_(character)	Kid_Colt
Black_Rider_(character)	Tarantula_(Marvel_Comics)
Black_Rider_(character)	Two-Gun_Kid
Black_Spectre	Bushman_(character)
Black_Spectre	Moon_Knight
Black_Spectre	Morpheus_(Marvel_Comics)
Black_Spectre	Shadow_Knight_(character)
Black_Talon_(comics)	Deadpool
Black_Talon_(comics)	Jericho_Drumm
Black_Talon_(comics)	Scarlet_Witch
Black_Talon_(comics)	She-Hulk
Black_Widow_(Natasha_Romanova)	Bullseye_(Marvel_Comics)
Black_Widow_(Natasha_Romanova)	Damon_Dran
Black_Widow_(Natasha_Romanova)	Ghost_Rider_(Johnny_Blaze)
Black_Widow_(Natasha_Romanova)	Hercules_(Marvel_Comics)
Black_Widow_(Natasha_Romanova)	Norman_Osborn
Black_Widow_(Natasha_Romanova)	Red_Guardian
Black_Widow_(Natasha_Romanova)	Spider-Man
Black_Widow_(Natasha_Romanova)	Venom_(character)
Black_Widow_(Natasha_Romanova)	Wolverine_(character)
Black_Widow_(Natasha_Romanova)	Yelena_Belova
Blackthorn_(character)	Radian_(Morituri)
Blackwulf	Deathlok
Blackwulf	Hank_Pym
Blackwulf	Ultron
Blade_(character)	Doctor_Strange
Blade_(character)	Dracula_(Marvel_Comics)
Blade_(character)	Ghost_Rider_(Danny_Ketch)
Blade_(character)	Ghost_Rider_(Johnny_Blaze)
Blade_(character)	Gwenpool
Blade_(character)	Jubilee_(character)
Blade_(character)	Man-Thing
Blade_(character)	Mojo_(comics)
Blade_(character)	Moon_Knight
Blade_(character)	Morbius
Blade_(character)	Ronin_(Marvel_Comics)
Blade_(character)	Satana_(Marvel_Comics)
Blade_(character)	Spider-Man
Blade_(character)	Spitfire_(character)
Blade_(character)	Varnae
Blastaar	Darkhawk
Blastaar	Leader_(character)
Blastaar	Nova_(Richard_Rider)
Blastaar	Super-Adaptoid
Blazing_Skull	Black_Marvel
Blazing_Skull	Ghost_Rider_(Johnny_Blaze)
Blazing_Skull	Jeffrey_Mace
Blazing_Skull	Quasar_(character)
Blazing_Skull	She-Hulk
Blazing_Skull	Skull_the_Slayer
Blazing_Skull	U.S._Agent
Blazing_Skull	Union_Jack_(Marvel_Comics)
Blizzard_(Marvel_Comics)	Black_Bolt
Blizzard_(Marvel_Comics)	Force_(comics)
Blizzard_(Marvel_Comics)	Hulk
Blizzard_(Marvel_Comics)	Iron_Man_2020
Blizzard_(Marvel_Comics)	Iron_Monger
Blizzard_(Marvel_Comics)	Living_Laser
Blizzard_(Marvel_Comics)	Norman_Osborn
Blizzard_(Marvel_Comics)	Spider-Man
Blizzard_(Marvel_Comics)	Whiplash_(Marvel_Comics)
Blood_Brothers_(comics)	Controller_(Marvel_Comics)
Blood_Brothers_(comics)	Ego_the_Living_Planet
Blood_Brothers_(comics)	Jonas_Harrow
Blood_Brothers_(comics)	Lunatik
Blood_Brothers_(comics)	Norman_Osborn
Blood_Brothers_(comics)	Quasar_(character)
Blood_Brothers_(comics)	Rampage_(Marvel_Comics)
Blood_Brothers_(comics)	Thanos
Blood_Spider_(character)	Spider-Man
Blood_Spider_(character)	Venom_(character)
Blue_Bullet	Doctor_Nemesis
Blue_Bullet	Golem_(Marvel_Comics)
Blue_Diamond_(character)	Citizen_V
Blue_Diamond_(character)	Human_Torch
Blue_Diamond_(character)	Human_Torch_(android)
Blue_Diamond_(character)	Jack_Frost_(Marvel_Comics)
Blue_Diamond_(character)	Jeffrey_Mace
Blue_Diamond_(character)	Makkari_(character)
Blue_Diamond_(character)	Red_Raven_(Marvel_Comics)
Blue_Diamond_(character)	Thin_Man_(character)
Blue_Diamond_(character)	Whizzer_(Robert_Frank)
Blue_Eagle_(character)	Black_Widow_(Natasha_Romanova)
Blue_Eagle_(character)	Overmind_(comics)
Blue_Marvel	Hulk
Blue_Marvel	Hyperion_(character)
Blue_Marvel	Luke_Cage
Blue_Marvel	Sentry_(Robert_Reynolds)
Bob,_Agent_of_Hydra	Agent_X_(Marvel_Comics)
Bob,_Agent_of_Hydra	Deadpool
Bob,_Agent_of_Hydra	Doctor_Strange
Bob,_Agent_of_Hydra	Hulk
Bob,_Agent_of_Hydra	Outlaw_(Marvel_Comics)
Bob,_Agent_of_Hydra	Spider-Man
Bob,_Agent_of_Hydra	T-Ray_(comics)
Bob,_Agent_of_Hydra	Wolverine_(character)
Bonebreaker	Wolverine_(character)
Box_(comics)	Guardian_(Marvel_Comics)
Box_(comics)	Jerry_Jaxon
Box_(comics)	Vindicator_(comics)
Brain_Drain_(character)	Master_of_the_World_(character)
Brent_Jackson	Malcolm_Colcord
Brent_Jackson	Sabretooth_(character)
Brent_Jackson	Wolverine_(character)
Brian_Braddock	Apocalypse_(character)
Brian_Braddock	Arabian_Knight_(character)
Brian_Braddock	Betsy_Braddock
Brian_Braddock	Elsa_Bloodstone
Brian_Braddock	Emma_Frost
Brian_Braddock	Fury_(Marvel_Comics)
Brian_Braddock	Hulk
Brian_Braddock	Killpower
Brian_Braddock	Ms._Marvel
Brian_Braddock	Rachel_Summers
Brian_Braddock	Slaymaster
Brian_Braddock	Spider-Man
Brian_Braddock	Spitfire_(character)
Brian_Braddock	Ultron
Brian_Braddock	Union_Jack_(Marvel_Comics)
Bucky_(Marvel_Comics)	Baron_Strucker
Bucky_(Marvel_Comics)	Battlestar_(character)
Bucky_(Marvel_Comics)	Franklin_Richards_(character)
Bucky_(Marvel_Comics)	Jack_Monroe_(character)
Bucky_(Marvel_Comics)	Jeffrey_Mace
Bucky_(Marvel_Comics)	Nomad_(Marvel_Comics)
Bucky_(Marvel_Comics)	Nuke_(Marvel_Comics)
Bucky_(Marvel_Comics)	Power_Broker_(character)
Bucky_(Marvel_Comics)	Rikki_Barnes
Bucky_(Marvel_Comics)	Sin_(Marvel_Comics)
Bucky_(Marvel_Comics)	U.S._Agent
Bucky_(Marvel_Comics)	War_Machine
Bucky_(Marvel_Comics)	William_Burnside_(character)
Bug_(Marvel_Comics)	Genis-Vell
Bug_(Marvel_Comics)	Moondragon
Bug_(Marvel_Comics)	Rocket_Raccoon
Bug_(Marvel_Comics)	Star-Lord
Bulldozer_(character)	Beyonder
Bulldozer_(character)	Ghost_Rider_(Danny_Ketch)
Bulldozer_(character)	Hercules_(Marvel_Comics)
Bulldozer_(character)	Iron_Fist_(character)
Bulldozer_(character)	Piledriver_(character)
Bulldozer_(character)	She-Hulk
Bulldozer_(character)	Spider-Man
Bulldozer_(character)	Thunderball_(character)
Bulldozer_(character)	Ulik
Bulldozer_(character)	Wrecker_(comics)
Bullseye_(Marvel_Comics)	Black_Widow_(Natasha_Romanova)
Bullseye_(Marvel_Comics)	Deadpool
Bullseye_(Marvel_Comics)	Hawkeye_(comics)
Bullseye_(Marvel_Comics)	Karla_Sofen
Bullseye_(Marvel_Comics)	Norman_Osborn
Bullseye_(Marvel_Comics)	Wolverine_(character)
Bushman_(character)	Moon_Knight
Bushman_(character)	Scarecrow_(Marvel_Comics)
Bushwacker_(comics)	Deathlok
Bushwacker_(comics)	Doctor_Strange
Bushwacker_(comics)	Eddie_Brock
Bushwacker_(comics)	G._W._Bridge
Bushwacker_(comics)	Hulk
Bushwacker_(comics)	Jack_Monroe_(character)
Bushwacker_(comics)	Jackal_(Marvel_Comics_character)
Bushwacker_(comics)	Wolverine_(character)
Cable_(character)	Apocalypse_(character)
Cable_(character)	Betsy_Braddock
Cable_(character)	Cyclops_(Marvel_Comics)
Cable_(character)	Deadpool
Cable_(character)	Doctor_Nemesis
Cable_(character)	Hercules_(Marvel_Comics)
Cable_(character)	Jean_Grey
Cable_(character)	Mister_Sinister
Cable_(character)	Phoenix_Force
Cable_(character)	Rachel_Summers
Cable_(character)	Rusty_Collins
Cable_(character)	Shatterstar
Cable_(character)	Thunderbolt_Ross
Cable_(character)	Wolverine_(character)
Cammi_(character)	Blood_Brothers_(comics)
Cammi_(character)	Chase_Stein
Cammi_(character)	Darkhawk
Cammi_(character)	Lunatik
Cammi_(character)	Nova_(Richard_Rider)
Captain_Atlas	Blizzard_(Marvel_Comics)
Captain_Atlas	Firebrand_(Marvel_Comics)
Captain_Atlas	Korath_the_Pursuer
Captain_Atlas	Quasar_(character)
Captain_Atlas	Ronan_the_Accuser
Captain_Atlas	Whiplash_(Marvel_Comics)
Captain_Marvel_(Khn'nr)	Captain_Marvel_(Marvel_Comics)
Captain_Marvel_(Khn'nr)	Noh-Varr
Captain_Marvel_(Khn'nr)	Super-Skrull
Captain_Marvel_(Marvel_Comics)	Captain_Marvel_(Khn'nr)
Captain_Marvel_(Marvel_Comics)	Elsa_Bloodstone
Captain_Marvel_(Marvel_Comics)	Genis-Vell
Captain_Marvel_(Marvel_Comics)	Hank_Pym
Captain_Marvel_(Marvel_Comics)	Kismet_(Marvel_Comics)
Captain_Marvel_(Marvel_Comics)	Machine_Man
Captain_Marvel_(Marvel_Comics)	Moondragon
Captain_Marvel_(Marvel_Comics)	Ms._Marvel
Captain_Marvel_(Marvel_Comics)	Noh-Varr
Captain_Marvel_(Marvel_Comics)	Nova_(Richard_Rider)
Captain_Marvel_(Marvel_Comics)	Phyla-Vell
Captain_Marvel_(Marvel_Comics)	Quasar_(character)
Captain_Marvel_(Marvel_Comics)	Radioactive_Man_(comics)
Captain_Marvel_(Marvel_Comics)	Scarlet_Witch
Captain_Marvel_(Marvel_Comics)	Thanos
Captain_Marvel_(Marvel_Comics)	Ultron
Captain_Ultra	Doctor_Strange
Captain_Universe	Blastaar
Captain_Universe	Deadpool
Captain_Universe	Doctor_Druid
Captain_Universe	Doctor_Strange
Captain_Universe	Eddie_Brock
Captain_Universe	Gladiator_(Kallark)
Captain_Universe	Hulk
Captain_Universe	Jean_Grey
Captain_Universe	Living_Monolith
Captain_Universe	Nightmask
Captain_Universe	Psycho-Man
Captain_Universe	Quasar_(character)
Captain_Universe	Spider-Man
Captain_Universe	Spider-Man_Noir
Captain_Universe	Star-Lord
Captain_Universe	Starhawk_(character)
Captain_Universe	Venom_(character)
Caretaker_(comics)	Ghost_Rider
Caretaker_(comics)	Ghost_Rider_(Danny_Ketch)
Caretaker_(comics)	Ghost_Rider_(Johnny_Blaze)
Carrion_(comics)	Doppelganger_(Marvel_Comics)
Carrion_(comics)	Green_Goblin
Carrion_(comics)	Hyperion_(character)
Carrion_(comics)	Jackal_(Marvel_Comics_character)
Carrion_(comics)	Jason_Macendale
Carrion_(comics)	Shriek_(character)
Carrion_(comics)	Spider-Man
Ch'od	Deathbird
Ch'od	Jean_Grey
Ch'od	Ms._Marvel
Ch'od	Rocket_Raccoon
Champion_of_the_Universe	Deadpool
Champion_of_the_Universe	Hulk
Champion_of_the_Universe	She-Hulk
Champion_of_the_Universe	Thanos
Chase_Stein	Cammi_(character)
Chase_Stein	Darkhawk
Chase_Stein	Speed_(character)
Chase_Stein	Wolverine_(character)
Chondu_the_Mystic	Doctor_Strange
Chondu_the_Mystic	Mysterio
Chondu_the_Mystic	She-Hulk
Chondu_the_Mystic	Spider-Man
Cloak_and_Dagger_(characters)	Adam_Warlock
Cloak_and_Dagger_(characters)	Alex_Wilder
Cloak_and_Dagger_(characters)	Anole_(character)
Cloak_and_Dagger_(characters)	Answer_(comics)
Cloak_and_Dagger_(characters)	Anya_Corazon
Cloak_and_Dagger_(characters)	Beyonder
Cloak_and_Dagger_(characters)	Black_Cat_(Marvel_Comics)
Cloak_and_Dagger_(characters)	Black_Widow_(Natasha_Romanova)
Cloak_and_Dagger_(characters)	Chase_Stein
Cloak_and_Dagger_(characters)	Darkhawk
Cloak_and_Dagger_(characters)	Deathlok
Cloak_and_Dagger_(characters)	Doctor_Nemesis
Cloak_and_Dagger_(characters)	Doctor_Strange
Cloak_and_Dagger_(characters)	Eddie_Brock
Cloak_and_Dagger_(characters)	Emma_Frost
Cloak_and_Dagger_(characters)	Firebrand_(Marvel_Comics)
Cloak_and_Dagger_(characters)	Hank_Pym
Cloak_and_Dagger_(characters)	Hulk
Cloak_and_Dagger_(characters)	Hulkling
Cloak_and_Dagger_(characters)	Hydro-Man
Cloak_and_Dagger_(characters)	Iron_Fist_(character)
Cloak_and_Dagger_(characters)	Jester_(Marvel_Comics)
Cloak_and_Dagger_(characters)	Lightmaster
Cloak_and_Dagger_(characters)	Luke_Cage
Cloak_and_Dagger_(characters)	Mister_Negative
Cloak_and_Dagger_(characters)	Moon_Knight
Cloak_and_Dagger_(characters)	Morbius
Cloak_and_Dagger_(characters)	Nightwatch_(character)
Cloak_and_Dagger_(characters)	Norman_Osborn
Cloak_and_Dagger_(characters)	Robbie_Baldwin
Cloak_and_Dagger_(characters)	Romulus_(comics)
Cloak_and_Dagger_(characters)	Shang-Chi
Cloak_and_Dagger_(characters)	Shriek_(character)
Cloak_and_Dagger_(characters)	Silvermane
Cloak_and_Dagger_(characters)	Spider-Man
Cloak_and_Dagger_(characters)	Thanos
Cobra_(Marvel_Comics)	Eel_(Marvel_Comics)
Cobra_(Marvel_Comics)	Human_Torch_(android)
Cobra_(Marvel_Comics)	Luke_Cage
Cobra_(Marvel_Comics)	Mac_Gargan
Cobra_(Marvel_Comics)	Mister_Hyde_(Marvel_Comics)
Cobra_(Marvel_Comics)	Moon_Knight
Cobra_(Marvel_Comics)	Nomad_(Marvel_Comics)
Cobra_(Marvel_Comics)	Sidewinder_(character)
Cobra_(Marvel_Comics)	Sin_(Marvel_Comics)
Cobra_(Marvel_Comics)	Spider-Man
Cobra_(Marvel_Comics)	Tarantula_(Marvel_Comics)
Cobra_(Marvel_Comics)	Toro_(character)
Cobra_(Marvel_Comics)	Wolverine_(character)
Cockroach_Hamilton	Alex_Wilder
Cockroach_Hamilton	Black_Mariah
Cockroach_Hamilton	Luke_Cage
Cockroach_Hamilton	Power_Man_(Victor_Alvarez)
Coldblood	Beyonder
Coldblood	Darkhawk
Coldblood	Deathlok
Coldblood	Dracula_(Marvel_Comics)
Condor_(comics)	Bird-Brain_(Marvel_Comics)
Condor_(comics)	Blastaar
Condor_(comics)	Diamondhead_(comics)
Condor_(comics)	Nova_(Richard_Rider)
Condor_(comics)	Powerhouse_(Marvel_Comics)
Condor_(comics)	Red_Raven_(Marvel_Comics)
Condor_(comics)	Sphinx_(Marvel_Comics)
Condor_(comics)	Star-Lord
Controller_(Marvel_Comics)	Blood_Brothers_(comics)
Controller_(Marvel_Comics)	Hercules_(Marvel_Comics)
Controller_(Marvel_Comics)	Thanos
Copperhead_(Marvel_Comics)	Cobra_(Marvel_Comics)
Copperhead_(Marvel_Comics)	Human_Fly_(character)
Copperhead_(Marvel_Comics)	Nova_(Richard_Rider)
Copperhead_(Marvel_Comics)	Sidewinder_(character)
Copperhead_(Marvel_Comics)	Spider-Man
Cottonmouth_(Burchell_Clemens)	Porcupine_(character)
Cottonmouth_(Burchell_Clemens)	Sidewinder_(character)
Cottonmouth_(Cornell_Stokes)	Alex_Wilder
Cottonmouth_(Cornell_Stokes)	Diamondback_(Willis_Stryker)
Cottonmouth_(Cornell_Stokes)	Luke_Cage
Cottonmouth_(Cornell_Stokes)	Mayday_Parker
Cottonmouth_(Cornell_Stokes)	Power_Man_(Victor_Alvarez)
Cottonmouth_(Cornell_Stokes)	Tombstone_(character)
Crane_Mother	Hulk
Crane_Mother	Iron_Fist_(character)
Crane_Mother	Lei_Kung_(character)
Crane_Mother	Steel_Serpent
Crippler_(character)	Baron_Strucker
Crippler_(character)	Deathlok
Crippler_(character)	Eddie_Brock
Crippler_(character)	Human_Torch
Crippler_(character)	Stingray_(Marvel_Comics)
Cyber_(Marvel_Comics)	Abraham_Cornelius
Cyber_(Marvel_Comics)	Black_Marvel
Cyber_(Marvel_Comics)	Hornet_(comics)
Cyber_(Marvel_Comics)	Ogun_(comics)
Cyber_(Marvel_Comics)	Ricochet_(comics)
Cyber_(Marvel_Comics)	Romulus_(comics)
Cyber_(Marvel_Comics)	Tinkerer_(Marvel_Comics)
Cyber_(Marvel_Comics)	Wolverine_(character)
Cyclops_(Marvel_Comics)	Apocalypse_(character)
Cyclops_(Marvel_Comics)	Betsy_Braddock
Cyclops_(Marvel_Comics)	Cable_(character)
Cyclops_(Marvel_Comics)	Danger_Room
Cyclops_(Marvel_Comics)	Emma_Frost
Cyclops_(Marvel_Comics)	Jean_Grey
Cyclops_(Marvel_Comics)	Mister_Sinister
Cyclops_(Marvel_Comics)	Norman_Osborn
Cyclops_(Marvel_Comics)	Phoenix_Force
Cyclops_(Marvel_Comics)	Rachel_Summers
Cyclops_(Marvel_Comics)	Scarlet_Witch
Cyclops_(Marvel_Comics)	Storm_(Marvel_Comics)
Cyclops_(Marvel_Comics)	Vulcan_(Marvel_Comics)
Cyclops_(Marvel_Comics)	Wolverine_(character)
Cyclops_(Marvel_Comics)	Xorn
Daddy_Longlegs_(comics)	Bill_Foster_(character)
Daddy_Longlegs_(comics)	Locksmith_(comics)
Daddy_Longlegs_(comics)	Spider-Woman_(Jessica_Drew)
Damage_(Marvel_Comics)	Wolverine_(character)
Damon_Dran	Black_Widow_(Natasha_Romanova)
Danger_Room	Cyclops_(Marvel_Comics)
Danger_Room	Emma_Frost
Dargo_Ktor	Beta_Ray_Bill
Dargo_Ktor	Hercules_(Marvel_Comics)
Dargo_Ktor	Zarrko
Darkdevil	Mayday_Parker
Darkdevil	Zarathos
Darkhawk	Black_Bolt
Darkhawk	Blastaar
Darkhawk	Chase_Stein
Darkhawk	Cloak_and_Dagger_(characters)
Darkhawk	Jason_Macendale
Darkhawk	Nova_(Richard_Rider)
Darkhawk	Phil_Urich
Darkhawk	Quasar_(character)
Darkhawk	Ricochet_(comics)
Darkhawk	Sphinx_(Marvel_Comics)
Darkhawk	Spider-Man
Darkhawk	Thanos
Darkhawk	Tombstone_(character)
Darkhawk	Turbo_(comics)
Darkhawk	Ultron
Darkhawk	Wolverine_(character)
Deadpool	Agent_X_(Marvel_Comics)
Deadpool	Apocalypse_(character)
Deadpool	Beyonder
Deadpool	Black_Widow_(Natasha_Romanova)
Deadpool	Blade_(character)
Deadpool	Bob,_Agent_of_Hydra
Deadpool	Cable_(character)
Deadpool	Dracula_(Marvel_Comics)
Deadpool	Dragon_Lord_(character)
Deadpool	Elsa_Bloodstone
Deadpool	Ghost_Rider
Deadpool	Green_Goblin
Deadpool	Gwenpool
Deadpool	Hulk
Deadpool	Moon_Knight
Deadpool	Morbius
Deadpool	Nomad_(Marvel_Comics)
Deadpool	Norman_Osborn
Deadpool	Outlaw_(Marvel_Comics)
Deadpool	Psycho-Man
Deadpool	Rocket_Raccoon
Deadpool	She-Hulk
Deadpool	Spider-Man
Deadpool	T-Ray_(comics)
Deadpool	Thanos
Deadpool	Thunderbolt_Ross
Deadpool	Venom_(character)
Deadpool	Wolverine_(character)
Death-Stalker	Purple_Man
Deathbird	Apocalypse_(character)
Deathbird	Gladiator_(Kallark)
Deathbird	Jean_Grey
Deathbird	Living_Monolith
Deathbird	Ms._Marvel
Deathbird	Vulcan_(Marvel_Comics)
Deathlok	Abomination_(character)
Deathlok	Beyonder
Deathlok	Black_Panther_(character)
Deathlok	Iron_Man_2020
Deathlok	Mentallo
Deathlok	Quasar_(character)
Deathlok	Spider-Man
Deathlok	Ultimo_(Marvel_Comics)
Deathlok	Ultron
Debrii	Bill_Foster_(character)
Debrii	Gauntlet_(Joseph_Green)
Debrii	Norman_Osborn
Debrii	Ragnarok_(comics)
Debrii	She-Hulk
Debrii	Thor_Girl
Debrii	Vance_Astrovik
Delroy_Garrett	Batwing_(Marvel_Comics)
Delroy_Garrett	Deadpool
Delroy_Garrett	Equinox_(comics)
Delroy_Garrett	Marvel_Boy_(Robert_Grayson)
Delroy_Garrett	Thor_Girl
Desak	Beta_Ray_Bill
Desak	Gorr_the_God_Butcher
Desak	Hercules_(Marvel_Comics)
Desak	Thor_Girl
Desak	Zarrko
Detroit_Steel	War_Machine
Devil_Dinosaur	Deadpool
Devil_Dinosaur	Doctor_Strange
Devil_Dinosaur	Ghost_Rider_(Danny_Ketch)
Devil_Dinosaur	Hank_Pym
Devil_Dinosaur	Hulk
Devil_Dinosaur	Karnak_(character)
Devil_Dinosaur	Mister_Hyde_(Marvel_Comics)
Devil_Dinosaur	Mole_Man
Devil_Dinosaur	Paladin_(comics)
Devil_Dinosaur	Spider-Man
Devil_Hulk	Hulk
Devil_Hulk	John_Ryker
Devil_Hulk	Leader_(character)
Devil_Hulk	Venom_(character)
Devos_the_Devastator	Steel_Serpent
Devos_the_Devastator	Talos_the_Untamed
Diamondback_(Willis_Stryker)	Iron_Fist_(character)
Diamondback_(Willis_Stryker)	Jessica_Jones
Diamondback_(Willis_Stryker)	Luke_Cage
Diamondback_(Willis_Stryker)	Spider-Woman_(Jessica_Drew)
Diamondhead_(comics)	Condor_(comics)
Diamondhead_(comics)	Nova_(Richard_Rider)
Diamondhead_(comics)	Powerhouse_(Marvel_Comics)
Diamondhead_(comics)	Quasar_(character)
Diamondhead_(comics)	Rom_the_Space_Knight
Diamondhead_(comics)	She-Hulk
Diamondhead_(comics)	Sphinx_(Marvel_Comics)
Digitek_(character)	Deathlok
Doctor_Druid	Doctor_Strange
Doctor_Druid	Dracula_(Marvel_Comics)
Doctor_Druid	Emma_Frost
Doctor_Druid	Hulk
Doctor_Druid	Man-Thing
Doctor_Faustus_(character)	Black_Widow_(Natasha_Romanova)
Doctor_Faustus_(character)	Karla_Sofen
Doctor_Faustus_(character)	Maker_(character)
Doctor_Faustus_(character)	Ms._Marvel
Doctor_Faustus_(character)	Peggy_Carter
Doctor_Faustus_(character)	Spider-Man
Doctor_Faustus_(character)	William_Burnside_(character)
Doctor_Nemesis	Bill_Foster_(character)
Doctor_Nemesis	Black_Panther_(character)
Doctor_Nemesis	Cyclops_(Marvel_Comics)
Doctor_Nemesis	Emma_Frost
Doctor_Nemesis	Hank_Pym
Doctor_Nemesis	Human_Torch_(android)
Doctor_Nemesis	Jean_Grey
Doctor_Nemesis	Luke_Cage
Doctor_Nemesis	Mister_Sinister
Doctor_Nemesis	Norman_Osborn
Doctor_Nemesis	Sabretooth_(character)
Doctor_Nemesis	Spider-Man
Doctor_Spectrum	Black_Panther_(character)
Doctor_Spectrum	Doctor_Strange
Doctor_Spectrum	Hank_Pym
Doctor_Spectrum	Hyperion_(character)
Doctor_Spectrum	Jericho_Drumm
Doctor_Spectrum	Nebulon_(comics)
Doctor_Spectrum	Quasar_(character)
Doctor_Spectrum	Redstone_(comics)
Doctor_Strange	Adam_Warlock
Doctor_Strange	Black_Widow_(Natasha_Romanova)
Doctor_Strange	Captain_Universe
Doctor_Strange	Cloak_and_Dagger_(characters)
Doctor_Strange	Deadpool
Doctor_Strange	Dweller-in-Darkness
Doctor_Strange	Gwenpool
Doctor_Strange	Hulk
Doctor_Strange	Human_Torch
Doctor_Strange	Jericho_Drumm
Doctor_Strange	Kaluu
Doctor_Strange	Luke_Cage
Doctor_Strange	Maestro_(character)
Doctor_Strange	Man-Thing
Doctor_Strange	Marduk_Kurios
Doctor_Strange	Moon_Knight
Doctor_Strange	Rocket_Raccoon
Doctor_Strange	Scarlet_Witch
Doctor_Strange	Sentry_(Robert_Reynolds)
Doctor_Strange	Spider-Man
Doctor_Strange	Star-Lord
Doctor_Strange	Super-Skrull
Doctor_Strange	Thanos
Doctor_Strange	Ultron
Doctor_Strange	Varnae
Dogpool	Deadpool
Doom_2099	Black_Panther_(character)
Doom_2099	Cable_(character)
Doom_2099	Cloak_and_Dagger_(characters)
Doom_2099	Deathlok
Doom_2099	Doctor_Strange
Doom_2099	Hulk_2099
Doom_2099	Maestro_(character)
Doom_2099	Rachel_Summers
Doom_2099	Ravage_2099
Doom_2099	Ultron
Doom_2099	Wolverine_(character)
Doomsday_Man	Anya_Corazon
Doomsday_Man	Ms._Marvel
Doppelganger_(Marvel_Comics)	Adam_Warlock
Doppelganger_(Marvel_Comics)	Carrion_(comics)
Doppelganger_(Marvel_Comics)	Deadpool
Doppelganger_(Marvel_Comics)	Ghost_Rider_(Danny_Ketch)
Doppelganger_(Marvel_Comics)	Ghost_Rider_(Johnny_Blaze)
Doppelganger_(Marvel_Comics)	Jason_Macendale
Doppelganger_(Marvel_Comics)	Quasar_(character)
Doppelganger_(Marvel_Comics)	Shriek_(character)
Doppelganger_(Marvel_Comics)	Spider-Man
Doppelganger_(Marvel_Comics)	Venom_(character)
Dracula_(Marvel_Comics)	Apocalypse_(character)
Dracula_(Marvel_Comics)	Blade_(character)
Dracula_(Marvel_Comics)	Cyclops_(Marvel_Comics)
Dracula_(Marvel_Comics)	Deadpool
Dracula_(Marvel_Comics)	Doctor_Strange
Dracula_(Marvel_Comics)	Frankenstein's_Monster_(Marvel_Comics)
Dracula_(Marvel_Comics)	Hulk
Dracula_(Marvel_Comics)	Jubilee_(character)
Dracula_(Marvel_Comics)	Killpower
Dracula_(Marvel_Comics)	Morbius
Dracula_(Marvel_Comics)	Solomon_Kane_(comics)
Dracula_(Marvel_Comics)	Spitfire_(character)
Dracula_(Marvel_Comics)	Storm_(Marvel_Comics)
Dracula_(Marvel_Comics)	Varnae
Dracula_(Marvel_Comics)	Wolverine_(character)
Dragon_Lord_(character)	Delroy_Garrett
Dreadknight	Black_Knight_(Marvel_Comics)
Dreadknight	Black_Knight_(Nathan_Garrett)
Dreadknight	Frankenstein's_Monster_(Marvel_Comics)
Dreadknight	Iron_Man_(Ultimate_Marvel_character)
Dreadknight	Spider-Man
Dreadnought_(comics)	Ultron
Dreadnought_(comics)	Union_Jack_(Joseph_Chapman)
Dreadnought_(comics)	Union_Jack_(Marvel_Comics)
Dusk_(comics)	Anya_Corazon
Dusk_(comics)	Black_Marvel
Dusk_(comics)	Blastaar
Dusk_(comics)	Cyber_(Marvel_Comics)
Dusk_(comics)	Hornet_(comics)
Dusk_(comics)	Ms._Marvel
Dusk_(comics)	Norman_Osborn
Dusk_(comics)	Puppet_Master_(Marvel_Comics)
Dusk_(comics)	Ricochet_(comics)
Dusk_(comics)	Spider-Man
Dweller-in-Darkness	Black_Widow_(Natasha_Romanova)
Dweller-in-Darkness	Doctor_Strange
Dweller-in-Darkness	Hercules_(Marvel_Comics)
Dweller-in-Darkness	Mister_Fear
Dweller-in-Darkness	Phoenix_Force
Dweller-in-Darkness	Straw_Man_(comics)
Eddie_Brock	Anne_Weying
Eddie_Brock	Black_Cat_(Marvel_Comics)
Eddie_Brock	Black_Widow_(Natasha_Romanova)
Eddie_Brock	Cloak_and_Dagger_(characters)
Eddie_Brock	Green_Goblin
Eddie_Brock	Hybrid_(Scott_Washington)
Eddie_Brock	Iron_Fist_(character)
Eddie_Brock	John_Jameson_(character)
Eddie_Brock	Mac_Gargan
Eddie_Brock	Maker_(character)
Eddie_Brock	Mister_Negative
Eddie_Brock	Morbius
Eddie_Brock	Mysterio
Eddie_Brock	Norman_Osborn
Eddie_Brock	Quasar_(character)
Eddie_Brock	Scarlet_Spider
Eddie_Brock	She-Hulk
Eddie_Brock	Shriek_(character)
Eddie_Brock	Silk_(character)
Eddie_Brock	Sleeper_(Marvel_Comics)
Eddie_Brock	Spider-Man
Eddie_Brock	Spider-Woman
Eddie_Brock	Spider-Woman_(Gwen_Stacy)
Eddie_Brock	Tinkerer_(Marvel_Comics)
Eddie_Brock	Venom_(character)
Eel_(Marvel_Comics)	Black_Cat_(Marvel_Comics)
Eel_(Marvel_Comics)	Ghost_Rider
Eel_(Marvel_Comics)	Gladiator_(Melvin_Potter)
Eel_(Marvel_Comics)	Human_Torch
Eel_(Marvel_Comics)	Iron_Fist_(character)
Eel_(Marvel_Comics)	Luke_Cage
Eel_(Marvel_Comics)	Mister_Fear
Eel_(Marvel_Comics)	Mister_Hyde_(Marvel_Comics)
Eel_(Marvel_Comics)	Mister_Negative
Eel_(Marvel_Comics)	Phil_Urich
Eel_(Marvel_Comics)	Porcupine_(character)
Eel_(Marvel_Comics)	Scarecrow_(Marvel_Comics)
Eel_(Marvel_Comics)	Sin_(Marvel_Comics)
Eel_(Marvel_Comics)	Stiletto_(comics)
Egghead_(Marvel_Comics)	Barney_Barton
Egghead_(Marvel_Comics)	Hank_Pym
Egghead_(Marvel_Comics)	Puppet_Master_(Marvel_Comics)
Ego_the_Living_Planet	Beta_Ray_Bill
Ego_the_Living_Planet	Firelord_(character)
Ego_the_Living_Planet	Hercules_(Marvel_Comics)
Ego_the_Living_Planet	Nova_(Richard_Rider)
Ego_the_Living_Planet	Quasar_(character)
Ego_the_Living_Planet	Rocket_Raccoon
Ego_the_Living_Planet	Rom_the_Space_Knight
Elsa_Bloodstone	Blade_(character)
Elsa_Bloodstone	Deadpool
Elsa_Bloodstone	Devil_Dinosaur
Elsa_Bloodstone	Fin_Fang_Foom
Elsa_Bloodstone	Ghost_Rider_(Johnny_Blaze)
Elsa_Bloodstone	Iron_Fist_(character)
Elsa_Bloodstone	Jericho_Drumm
Elsa_Bloodstone	Machine_Man
Elsa_Bloodstone	Man-Thing
Elsa_Bloodstone	Misty_Knight
Elsa_Bloodstone	Ulysses_Bloodstone
Elsa_Bloodstone	Wolverine_(character)
Emma_Frost	Anole_(character)
Emma_Frost	Apocalypse_(character)
Emma_Frost	Beyonder
Emma_Frost	Black_Bolt
Emma_Frost	Cable_(character)
Emma_Frost	Cloak_and_Dagger_(characters)
Emma_Frost	Cyclops_(Marvel_Comics)
Emma_Frost	Empath_(character)
Emma_Frost	Jean_Grey
Emma_Frost	Jessica_Jones
Emma_Frost	Jubilee_(character)
Emma_Frost	Michael_Pointer_(character)
Emma_Frost	Mister_Sinister
Emma_Frost	Norman_Osborn
Emma_Frost	Phoenix_Force
Emma_Frost	Rachel_Summers
Emma_Frost	Selene_(comics)
Emma_Frost	Sentry_(Robert_Reynolds)
Emma_Frost	Shang-Chi
Emma_Frost	Spider-Man
Emma_Frost	Storm_(Marvel_Comics)
Emma_Frost	Wolverine_(character)
Emma_Frost	Xorn
Empath_(character)	Cyclops_(Marvel_Comics)
Empath_(character)	Emma_Frost
Empath_(character)	Hellion_(character)
Empath_(character)	Mikhail_Rasputin
Emrys_Killebrew	Deadpool
Emrys_Killebrew	Wolverine_(character)
Enigma_(Marvel_Comics)	Spider-Man
Equinox_(comics)	Hank_Pym
Equinox_(comics)	Human_Torch
Equinox_(comics)	Spider-Man
Ethan_Edwards	Absorbing_Man
Ethan_Edwards	Spider-Man
Ethan_Edwards	Super-Skrull
Fabio_Medina	Cyclops_(Marvel_Comics)
Fabio_Medina	Phoenix_Force
Fabio_Medina	Spider-Man
Fabio_Medina	Tempus_(comics)
Fandral	Balder_the_Brave
Fandral	Beyonder
Fandral	Blastaar
Fandral	Ego_the_Living_Planet
Fandral	Hulk
Fandral	Ymir_(Marvel_Comics)
Fandral	Zarrko
Farley_Stillwell	Answer_(comics)
Farley_Stillwell	Human_Fly_(character)
Farley_Stillwell	Luke_Cage
Farley_Stillwell	Mac_Gargan
Farley_Stillwell	Spider-Man
Fin_Fang_Foom	Sentry_(Robert_Reynolds)
Fin_Fang_Foom	War_Machine
Firebird_(Marvel_Comics)	Awesome_Android
Firebird_(Marvel_Comics)	Bill_Foster_(character)
Firebird_(Marvel_Comics)	Black_Widow_(Natasha_Romanova)
Firebird_(Marvel_Comics)	Delroy_Garrett
Firebird_(Marvel_Comics)	Franklin_Richards_(character)
Firebird_(Marvel_Comics)	Hank_Pym
Firebird_(Marvel_Comics)	Hulk
Firebird_(Marvel_Comics)	Master_Pandemonium
Firebird_(Marvel_Comics)	Mockingbird_(Marvel_Comics)
Firebird_(Marvel_Comics)	Moon_Knight
Firebird_(Marvel_Comics)	Moondragon
Firebird_(Marvel_Comics)	Patsy_Walker
Firebird_(Marvel_Comics)	Ragnarok_(comics)
Firebird_(Marvel_Comics)	Scarlet_Spider
Firebrand_(Marvel_Comics)	Arabian_Knight_(character)
Firebrand_(Marvel_Comics)	Cloak_and_Dagger_(characters)
Firebrand_(Marvel_Comics)	Cobra_(Marvel_Comics)
Firebrand_(Marvel_Comics)	Deadpool
Firebrand_(Marvel_Comics)	Flying_Tiger_(Marvel_Comics)
Firebrand_(Marvel_Comics)	G._W._Bridge
Firebrand_(Marvel_Comics)	Living_Laser
Firebrand_(Marvel_Comics)	Mauler_(comics)
Firebrand_(Marvel_Comics)	Mister_Hyde_(Marvel_Comics)
Firebrand_(Marvel_Comics)	Vibro_(comics)
Firelord_(character)	Hercules_(Marvel_Comics)
Firelord_(character)	Morg
Firepower_(comics)	Guardsman_(character)
Firepower_(comics)	Iron_Man_(Ultimate_Marvel_character)
Firepower_(comics)	Iron_Monger
Firepower_(comics)	War_Machine
Flag-Smasher	Battlestar_(character)
Flag-Smasher	Cable_(character)
Flag-Smasher	Deadpool
Flag-Smasher	Ghost_Rider
Flag-Smasher	Moon_Knight
Flag-Smasher	Power_Broker_(character)
Flag-Smasher	Rikki_Barnes
Flag-Smasher	Venom_(character)
Flatman_(character)	Batroc_the_Leaper
Flatman_(character)	Hercules_(Marvel_Comics)
Flatman_(character)	Living_Lightning
Flatman_(character)	Mockingbird_(Marvel_Comics)
Flatman_(character)	Norman_Osborn
Flying_Tiger_(Marvel_Comics)	Eel_(Marvel_Comics)
Flying_Tiger_(Marvel_Comics)	Firebrand_(Marvel_Comics)
Flying_Tiger_(Marvel_Comics)	Spider-Man
Flying_Tiger_(Marvel_Comics)	Spider-Woman_(Jessica_Drew)
Flying_Tiger_(Marvel_Comics)	Tiger_Shark_(Marvel_Comics)
Flying_Tiger_(Marvel_Comics)	War_Machine
Force_(comics)	Blizzard_(Marvel_Comics)
Force_(comics)	Guardsman_(character)
Force_(comics)	Iron_Monger
Force_(comics)	Whiplash_(Marvel_Comics)
Forearm_(comics)	Cyclops_(Marvel_Comics)
Forearm_(comics)	Jean_Grey
Forearm_(comics)	Mister_Sinister
Forearm_(comics)	Rusty_Collins
Foreigner_(character)	Black_Cat_(Marvel_Comics)
Foreigner_(character)	Grizzly_(comics)
Foreigner_(character)	Hobgoblin_(Marvel_Comics)
Foreigner_(character)	Jason_Macendale
Foreigner_(character)	Peggy_Carter
Foreigner_(character)	Sabretooth_(character)
Foreigner_(character)	Sin_(Marvel_Comics)
Foreigner_(character)	Spider-Man
Foreigner_(character)	Wolverine_(character)
Frankenstein's_Monster_(Marvel_Comics)	Black_Knight_(Nathan_Garrett)
Frankenstein's_Monster_(Marvel_Comics)	Bucky_(Marvel_Comics)
Frankenstein's_Monster_(Marvel_Comics)	Dracula_(Marvel_Comics)
Frankenstein's_Monster_(Marvel_Comics)	Dreadknight
Frankenstein's_Monster_(Marvel_Comics)	Elsa_Bloodstone
Frankenstein's_Monster_(Marvel_Comics)	Ghost_Rider_(Johnny_Blaze)
Frankenstein's_Monster_(Marvel_Comics)	Human_Torch_(android)
Frankenstein's_Monster_(Marvel_Comics)	John_Jameson_(character)
Frankenstein's_Monster_(Marvel_Comics)	Man-Thing
Frankenstein's_Monster_(Marvel_Comics)	Mole_Man
Frankenstein's_Monster_(Marvel_Comics)	Psycho-Man
Frankenstein's_Monster_(Marvel_Comics)	She-Hulk
Frankenstein's_Monster_(Marvel_Comics)	Spider-Man
Frankenstein's_Monster_(Marvel_Comics)	Toro_(character)
Frankenstein's_Monster_(Marvel_Comics)	Ulysses_Bloodstone
Frankenstein's_Monster_(Marvel_Comics)	Werewolf_by_Night
Franklin_Richards_(character)	Human_Torch
Franklin_Richards_(character)	Master_Mold
Franklin_Richards_(character)	Nathaniel_Richards_(Marvel_Comics)
Franklin_Richards_(character)	Phoenix_Force
Franklin_Richards_(character)	Rachel_Summers
Franklin_Richards_(character)	Sphinx_(Marvel_Comics)
Franklin_Richards_(character)	Ultron
Frog-Man	Flag-Smasher
Frog-Man	Gargoyle_(comics)
Frog-Man	Human_Torch
Frog-Man	Jessica_Jones
Frog-Man	Leap-Frog_(comics)
Frog-Man	Spider-Man
Frog-Man	Steel_Spider
Frog-Man	Thor_Girl
Fury_(Marvel_Comics)	Rachel_Summers
Fury_(Marvel_Comics)	Storm_(Marvel_Comics)
G._W._Bridge	Cable_(character)
Gargoyle_(comics)	Frog-Man
Gargoyle_(comics)	Hulk
Gargoyle_(comics)	Leader_(character)
Gargoyle_(comics)	Moondragon
Gargoyle_(comics)	Patsy_Walker
Gargoyle_(comics)	War_Machine
Garokk	Cyclops_(Marvel_Comics)
Garokk	Doctor_Strange
Garokk	Storm_(Marvel_Comics)
Garrison_Kane	Apocalypse_(character)
Garrison_Kane	Box_(comics)
Garrison_Kane	Cable_(character)
Garrison_Kane	Cyber_(Marvel_Comics)
Garrison_Kane	Deadpool
Garrison_Kane	Malcolm_Colcord
Garrison_Kane	Nomad_(Marvel_Comics)
Garrison_Kane	Rachel_Summers
Garrison_Kane	Wolverine_(character)
Gauntlet_(Joseph_Green)	Hank_Pym
Gauntlet_(Joseph_Green)	Hulk
Gauntlet_(Joseph_Green)	Norman_Osborn
Gauntlet_(Joseph_Green)	She-Hulk
Gemini_(Marvel_Comics)	Scorpio_(Marvel_Comics)
Gemini_(Marvel_Comics)	Taurus_(Marvel_Comics)
Gemini_(Marvel_Comics)	Thanos
Genis-Vell	Captain_Marvel_(Marvel_Comics)
Genis-Vell	Hyperion_(character)
Genis-Vell	Maestro_(character)
Genis-Vell	Phyla-Vell
Genis-Vell	Purple_Man
Genis-Vell	Thanos
Gentleman_(character)	Mysterio
Gentleman_(character)	Spider-Man
Gentleman_(character)	Wolverine_(character)
Ghost_Rider	Ares_(Marvel_Comics)
Ghost_Rider	Beyonder
Ghost_Rider	Black_Panther_(character)
Ghost_Rider	Blade_(character)
Ghost_Rider	Caretaker_(comics)
Ghost_Rider	Deadpool
Ghost_Rider	Doctor_Strange
Ghost_Rider	Firelord_(character)
Ghost_Rider	Ghost_Rider_(Danny_Ketch)
Ghost_Rider	Ghost_Rider_(Johnny_Blaze)
Ghost_Rider	Hulk
Ghost_Rider	Jericho_Drumm
Ghost_Rider	Killraven
Ghost_Rider	Orb_(comics)
Ghost_Rider	Phoenix_Force
Ghost_Rider	Scarecrow_(Marvel_Comics)
Ghost_Rider	Spider-Man
Ghost_Rider	Star_Brand
Ghost_Rider	Thanos
Ghost_Rider	Wendigo_(comics)
Ghost_Rider	Zarathos
Ghost_Rider_(Danny_Ketch)	Blade_(character)
Ghost_Rider_(Danny_Ketch)	Ghost_Rider
Ghost_Rider_(Danny_Ketch)	Ghost_Rider_(Johnny_Blaze)
Ghost_Rider_(Danny_Ketch)	Hulk
Ghost_Rider_(Danny_Ketch)	Machine_Man
Ghost_Rider_(Danny_Ketch)	Spider-Man
Ghost_Rider_(Danny_Ketch)	Wolverine_(character)
Ghost_Rider_(Danny_Ketch)	Zarathos
Ghost_Rider_(Johnny_Blaze)	Caretaker_(comics)
Ghost_Rider_(Johnny_Blaze)	Doctor_Strange
Ghost_Rider_(Johnny_Blaze)	Ghost_Rider
Ghost_Rider_(Johnny_Blaze)	Ghost_Rider_(Danny_Ketch)
Ghost_Rider_(Johnny_Blaze)	Hulk
Ghost_Rider_(Johnny_Blaze)	Jason_Macendale
Ghost_Rider_(Johnny_Blaze)	Satana_(Marvel_Comics)
Ghost_Rider_(Johnny_Blaze)	Sin_(Marvel_Comics)
Ghost_Rider_(Johnny_Blaze)	Spider-Man
Ghost_Rider_(Johnny_Blaze)	Thunderbolt_Ross
Ghost_Rider_(Johnny_Blaze)	Venom_(character)
Ghost_Rider_(Johnny_Blaze)	Zarathos
Gideon_Mace	Luke_Cage
Giganto	Black_Panther_(character)
Giganto	Hercules_(Marvel_Comics)
Giganto	Human_Torch
Giganto	Human_Torch_(android)
Giganto	Kro_(character)
Giganto	Mole_Man
Giganto	Morbius
Giganto	Storm_(Marvel_Comics)
Giganto	U.S._Agent
Gladiator_(Kallark)	Captain_Universe
Gladiator_(Kallark)	Deathbird
Gladiator_(Kallark)	Nova_(Richard_Rider)
Gladiator_(Kallark)	Phoenix_Force
Gladiator_(Kallark)	Rom_the_Space_Knight
Gladiator_(Kallark)	Spider-Man
Gladiator_(Kallark)	Vulcan_(Marvel_Comics)
Gladiator_(Melvin_Potter)	Alexander_Bont
Gladiator_(Melvin_Potter)	Masked_Marauder
Gladiator_(Melvin_Potter)	Mister_Fear
Glenn_Talbot	Ghost_Rider_(Danny_Ketch)
Glenn_Talbot	Hulk
Glenn_Talbot	Thunderbolt_Ross
Glob_(comics)	Glob_Herman
Glob_(comics)	Hulk
Glob_(comics)	Leader_(character)
Glob_(comics)	Man-Thing
Glob_Herman	Jean_Grey
Glob_Herman	Rockslide_(character)
Glob_Herman	Spider-Man
Golem_(Marvel_Comics)	Blue_Bullet
Golem_(Marvel_Comics)	Doctor_Nemesis
Golem_(Marvel_Comics)	Doctor_Strange
Gorgon_(Inhuman)	Black_Bolt
Gorgon_(Inhuman)	Psycho-Man
Gorgon_(Inhuman)	Sphinx_(Marvel_Comics)
Gorr_the_God_Butcher	Jean_Grey
Grappler_(comics)	She-Hulk
Green_Goblin	Hobgoblin_(Marvel_Comics)
Green_Goblin	Human_Torch
Green_Goblin	Mayday_Parker
Green_Goblin	Norman_Osborn
Green_Goblin	Phil_Urich
Green_Goblin	Silvermane
Green_Goblin	Spider-Man
Green_Goblin	Venom_(character)
Green_Goblin	Wolverine_(character)
Gremlin_(comics)	Apocalypse_(character)
Gremlin_(comics)	Gargoyle_(comics)
Gremlin_(comics)	Glenn_Talbot
Gremlin_(comics)	Hulk
Gremlin_(comics)	Rom_the_Space_Knight
Gremlin_(comics)	Spider-Woman_(Jessica_Drew)
Gremlin_(comics)	Thunderbolt_Ross
Grizzly_(comics)	Apocalypse_(character)
Grizzly_(comics)	Cable_(character)
Grizzly_(comics)	G._W._Bridge
Grizzly_(comics)	Jackal_(Marvel_Comics_character)
Grizzly_(comics)	Kangaroo_(character)
Grizzly_(comics)	Norman_Osborn
Grizzly_(comics)	Spider-Man
Grizzly_(comics)	Spot_(Marvel_Comics)
Grizzly_(comics)	Tinkerer_(Marvel_Comics)
Grizzly_(comics)	Two-Gun_Kid
Guardian_(Marvel_Comics)	Jerry_Jaxon
Guardian_(Marvel_Comics)	Michael_Pointer_(character)
Guardian_(Marvel_Comics)	Puck_(Marvel_Comics)
Guardian_(Marvel_Comics)	Tundra_(Marvel_Comics)
Guardian_(Marvel_Comics)	Vindicator_(comics)
Guardian_(Marvel_Comics)	Wendigo_(comics)
Guardian_(Marvel_Comics)	Wolverine_(Ultimate_Marvel_character)
Guardian_(Marvel_Comics)	Wolverine_(character)
Guardsman_(character)	Eddie_Brock
Guardsman_(character)	Firepower_(comics)
Guardsman_(character)	Force_(comics)
Guardsman_(character)	Hybrid_(Scott_Washington)
Guardsman_(character)	Iron_Monger
Guardsman_(character)	Luke_Cage
Guardsman_(character)	Mentallo
Guardsman_(character)	Quasar_(character)
Guardsman_(character)	Sentry_(Curtis_Elkins)
Guardsman_(character)	Shockwave_(comics)
Guardsman_(character)	U.S._Agent
Guardsman_(character)	War_Machine
Gwenpool	Abomination_(character)
Gwenpool	Batroc_the_Leaper
Gwenpool	Black_Cat_(Marvel_Comics)
Gwenpool	Blade_(character)
Gwenpool	Deadpool
Gwenpool	Deathlok
Gwenpool	Doctor_Strange
Gwenpool	Fin_Fang_Foom
Gwenpool	Hyperion_(character)
Gwenpool	Moon_Knight
Gwenpool	Mysterio
Gwenpool	Rocket_Raccoon
Gwenpool	Scientist_Supreme
Gwenpool	She-Hulk
Gwenpool	Spider-Man
Gwenpool	Spider-Woman_(Gwen_Stacy)
Gwenpool	Storm_(Marvel_Comics)
Gwenpool	Wolverine_(character)
Hangman_(Marvel_Comics)	Locksmith_(comics)
Hangman_(Marvel_Comics)	Spider-Woman_(Jessica_Drew)
Hangman_(Marvel_Comics)	Werewolf_by_Night
Hank_Pym	Absorbing_Man
Hank_Pym	Bill_Foster_(character)
Hank_Pym	Black_Knight_(Nathan_Garrett)
Hank_Pym	Doctor_Nemesis
Hank_Pym	Doctor_Strange
Hank_Pym	Egghead_(Marvel_Comics)
Hank_Pym	Firebird_(Marvel_Comics)
Hank_Pym	Hyperion_(character)
Hank_Pym	Kulan_Gath
Hank_Pym	Libra_(Marvel_Comics)
Hank_Pym	Magician_(Marvel_Comics)
Hank_Pym	Maker_(character)
Hank_Pym	Mockingbird_(Marvel_Comics)
Hank_Pym	Porcupine_(character)
Hank_Pym	Scientist_Supreme
Hank_Pym	Shang-Chi
Hank_Pym	Ultron
Happy_Sam_Sawyer	Baron_Strucker
Harold_Meachum	Iron_Fist_(character)
Harold_Meachum	Master_Khan
Hate-Monger	Black_Panther_(character)
Hate-Monger	Psycho-Man
Hawkeye_(comics)	Black_Widow_(Natasha_Romanova)
Hawkeye_(comics)	Bullseye_(Marvel_Comics)
Hawkeye_(comics)	Franklin_Richards_(character)
Hawkeye_(comics)	Norman_Osborn
Hawkeye_(comics)	Ronin_(Marvel_Comics)
Headsman_(character)	Black_Widow_(Natasha_Romanova)
Headsman_(character)	Green_Goblin
Headsman_(character)	Marvel_Boy_(Robert_Grayson)
Headsman_(character)	Nuke_(Marvel_Comics)
Headsman_(character)	Paladin_(comics)
Headsman_(character)	Spider-Man
Headsman_(character)	Spider-Woman_(Jessica_Drew)
Helix_(Marvel_Comics)	Carrion_(comics)
Helix_(Marvel_Comics)	Jackal_(Marvel_Comics_character)
Helix_(Marvel_Comics)	Spider-Man
Helix_(Marvel_Comics)	Super-Adaptoid
Hellion_(character)	Anole_(character)
Hellion_(character)	Danger_Room
Hellion_(character)	Emma_Frost
Hellion_(character)	Empath_(character)
Hellion_(character)	Hulk
Hellion_(character)	Norman_Osborn
Hellion_(character)	Phoenix_Force
Hellion_(character)	Predator_X_(character)
Hellion_(character)	Rachel_Summers
Hellion_(character)	Rockslide_(character)
Hellion_(character)	Rusty_Collins
Hellion_(character)	Spider-Man
Hellion_(character)	Surge_(Marvel_Comics)
Hellion_(character)	Synapse_(character)
Hercules_(Marvel_Comics)	Abomination_(character)
Hercules_(Marvel_Comics)	Ajak
Hercules_(Marvel_Comics)	Ares_(Marvel_Comics)
Hercules_(Marvel_Comics)	Balder_the_Brave
Hercules_(Marvel_Comics)	Black_Widow_(Natasha_Romanova)
Hercules_(Marvel_Comics)	Blood_Brothers_(comics)
Hercules_(Marvel_Comics)	Captain_Marvel_(Marvel_Comics)
Hercules_(Marvel_Comics)	Dweller-in-Darkness
Hercules_(Marvel_Comics)	Ego_the_Living_Planet
Hercules_(Marvel_Comics)	Firelord_(character)
Hercules_(Marvel_Comics)	Hobgoblin_(Marvel_Comics)
Hercules_(Marvel_Comics)	Hulk
Hercules_(Marvel_Comics)	Human_Torch
Hercules_(Marvel_Comics)	Living_Lightning
Hercules_(Marvel_Comics)	Mister_Hyde_(Marvel_Comics)
Hercules_(Marvel_Comics)	Noh-Varr
Hercules_(Marvel_Comics)	Quicksilver_(Marvel_Comics)
Hercules_(Marvel_Comics)	Ragnarok_(comics)
Hercules_(Marvel_Comics)	Red_Guardian
Hercules_(Marvel_Comics)	Red_Wolf_(comics)
Hercules_(Marvel_Comics)	She-Hulk
Hercules_(Marvel_Comics)	Spider-Man
Hercules_(Marvel_Comics)	Star-Lord
Hercules_(Marvel_Comics)	Thanos
Hercules_(Marvel_Comics)	Typhon_(comics)
Hippo_(character)	Grizzly_(comics)
Hippo_(character)	Looter_(character)
Hippo_(character)	Luke_Cage
Hippo_(character)	Mac_Gargan
Hippo_(character)	Mirage_(Marvel_Comics)
Hippo_(character)	Porcupine_(character)
Hippo_(character)	Spider-Man
Hit-Monkey	Deadpool
Hit-Monkey	Dracula_(Marvel_Comics)
Hit-Monkey	Jubilee_(character)
Hit-Monkey	Spider-Man
Hive_(character)	Baron_Strucker
Hive_(character)	Norman_Osborn
Hobgoblin_(Marvel_Comics)	Beyonder
Hobgoblin_(Marvel_Comics)	Black_Cat_(Marvel_Comics)
Hobgoblin_(Marvel_Comics)	Foreigner_(character)
Hobgoblin_(Marvel_Comics)	Green_Goblin
Hobgoblin_(Marvel_Comics)	Jason_Macendale
Hobgoblin_(Marvel_Comics)	Norman_Osborn
Hobgoblin_(Marvel_Comics)	Phil_Urich
Hobgoblin_(Marvel_Comics)	Rose_(Marvel_Comics)
Hobgoblin_(Marvel_Comics)	Scarlet_Witch
Hobgoblin_(Marvel_Comics)	Spider-Man
Hobgoblin_(Marvel_Comics)	Tinkerer_(Marvel_Comics)
Hobgoblin_(Marvel_Comics)	Venom_(character)
Hornet_(comics)	Black_Marvel
Hornet_(comics)	Cyber_(Marvel_Comics)
Hornet_(comics)	Dusk_(comics)
Hornet_(comics)	Looter_(character)
Hornet_(comics)	Prowler_(Marvel_Comics)
Hornet_(comics)	Spider-Woman_(Jessica_Drew)
Hornet_(comics)	Wolverine_(character)
Hrimhari	Sabretooth_(character)
Hrimhari	Werewolf_by_Night
Hulk	Abomination_(character)
Hulk	Absorbing_Man
Hulk	Beyonder
Hulk	Deadpool
Hulk	Devil_Hulk
Hulk	Gargoyle_(comics)
Hulk	Glenn_Talbot
Hulk	Hercules_(Marvel_Comics)
Hulk	Jean_Grey
Hulk	Leader_(character)
Hulk	Maestro_(character)
Hulk	Norman_Osborn
Hulk	Red_Hulk
Hulk	She-Hulk
Hulk	She-Hulk_(Lyra)
Hulk	Spider-Man
Hulk	Thunderbolt_Ross
Hulk	Wolverine_(character)
Hulk_2099	Hulk
Hulk_2099	Moon_Knight
Hulkling	Captain_Marvel_(Khn'nr)
Hulkling	Cloak_and_Dagger_(characters)
Hulkling	Hank_Pym
Hulkling	Hulk
Hulkling	Noh-Varr
Hulkling	Quicksilver_(Marvel_Comics)
Hulkling	Scarlet_Witch
Hulkling	Speed_(character)
Hulkling	Super-Skrull
Hulkling	Wolverine_(character)
Human_Cannonball_(Marvel_Comics)	Hulk
Human_Cannonball_(Marvel_Comics)	Princess_Python
Human_Cannonball_(Marvel_Comics)	Ringmaster_(comics)
Human_Cannonball_(Marvel_Comics)	Spider-Man
Human_Fly_(character)	Farley_Stillwell
Human_Fly_(character)	Hornet_(comics)
Human_Fly_(character)	Mac_Gargan
Human_Fly_(character)	Moon_Knight
Human_Fly_(character)	Spider-Man
Human_Fly_(character)	Spider-Woman
Human_Fly_(character)	Spider-Woman_(Jessica_Drew)
Human_Torch	Franklin_Richards_(character)
Human_Torch	Human_Torch_(android)
Human_Torch	Living_Lightning
Human_Torch	Maker_(character)
Human_Torch	Quicksilver_(Marvel_Comics)
Human_Torch	Spider-Man
Human_Torch	Super-Skrull
Human_Torch_(android)	Batroc_the_Leaper
Human_Torch_(android)	Black_Widow_(Natasha_Romanova)
Human_Torch_(android)	Bucky_(Marvel_Comics)
Human_Torch_(android)	Citizen_V
Human_Torch_(android)	Human_Torch
Human_Torch_(android)	Norman_Osborn
Human_Torch_(android)	Scarlet_Witch
Human_Torch_(android)	Spitfire_(character)
Human_Torch_(android)	Toro_(character)
Human_Torch_(android)	Ultron
Human_Torch_(android)	Union_Jack_(Marvel_Comics)
Human_Torch_(android)	Victor_Timely
Human_Torch_(android)	Warrior_Woman_(Marvel_Comics)
Human_Torch_(android)	Whizzer_(Robert_Frank)
Humus_Sapien	Arabian_Knight_(character)
Humus_Sapien	Ogre_(Marvel_Comics)
Hurricane_(comics)	Cable_(character)
Hurricane_(comics)	Cyber_(Marvel_Comics)
Hurricane_(comics)	Quicksilver_(Marvel_Comics)
Hurricane_(comics)	Selene_(comics)
Hurricane_(comics)	Two-Gun_Kid
Hurricane_(comics)	Wolverine_(character)
Hybrid_(Scott_Washington)	Eddie_Brock
Hybrid_(Scott_Washington)	Guardsman_(character)
Hybrid_(Scott_Washington)	Spider-Man
Hybrid_(Scott_Washington)	Vance_Astrovik
Hybrid_(Scott_Washington)	Venom_(character)
Hydro-Man	Black_Panther_(character)
Hydro-Man	Foreigner_(character)
Hydro-Man	Jackal_(Marvel_Comics_character)
Hydro-Man	Luke_Cage
Hydro-Man	Norman_Osborn
Hydro-Man	Overdrive_(character)
Hydro-Man	Red_Wolf_(comics)
Hydro-Man	Spider-Man
Hydro-Man	Spider-Woman_(Jessica_Drew)
Hydro-Man	War_Machine
Hydro-Man	Wolverine_(character)
Hyperion_(character)	Blue_Marvel
Hyperion_(character)	Doctor_Spectrum
Hyperion_(character)	Gwenpool
Hyperion_(character)	Luke_Cage
Hyperion_(character)	Makkari_(character)
Hyperion_(character)	Master_Menace
Hyperion_(character)	Nebulon_(comics)
Hyperion_(character)	Overmind_(comics)
Hyperion_(character)	Quasar_(character)
Hypno-Hustler	Deadpool
Hypno-Hustler	Equinox_(comics)
Hypno-Hustler	Spider-Man
Hypno-Hustler	Tinkerer_(Marvel_Comics)
Hypno-Hustler	Tombstone_(character)
Ikaris	Doctor_Strange
Ikaris	Makkari_(character)
Ikaris	Thena
In-Betweener	Adam_Warlock
In-Betweener	Doctor_Strange
In-Betweener	Libra_(Marvel_Comics)
In-Betweener	Star_Brand
In-Betweener	Thanos
Inferno_(Dante_Pertuz)	Black_Bolt
Inferno_(Dante_Pertuz)	Gorgon_(Inhuman)
Inferno_(Dante_Pertuz)	Karnak_(character)
Inferno_(Dante_Pertuz)	Lash_(comics)
Inferno_(Dante_Pertuz)	Thanos
Iron_Fist_(character)	Black_Mariah
Iron_Fist_(character)	Black_Panther_(character)
Iron_Fist_(character)	Bullseye_(Marvel_Comics)
Iron_Fist_(character)	Cloak_and_Dagger_(characters)
Iron_Fist_(character)	Crane_Mother
Iron_Fist_(character)	Doctor_Strange
Iron_Fist_(character)	Ghost_Rider
Iron_Fist_(character)	Harold_Meachum
Iron_Fist_(character)	Jessica_Jones
Iron_Fist_(character)	Lei_Kung_(character)
Iron_Fist_(character)	Luke_Cage
Iron_Fist_(character)	Master_Khan
Iron_Fist_(character)	Misty_Knight
Iron_Fist_(character)	Moon_Knight
Iron_Fist_(character)	Norman_Osborn
Iron_Fist_(character)	Phoenix_Force
Iron_Fist_(character)	Power_Man_(Victor_Alvarez)
Iron_Fist_(character)	Sabretooth_(character)
Iron_Fist_(character)	Shang-Chi
Iron_Fist_(character)	Steel_Serpent
Iron_Fist_(character)	Tombstone_(character)
Iron_Fist_(character)	Union_Jack_(Marvel_Comics)
Iron_Fist_(character)	Wolverine_(character)
Iron_Lad	Absorbing_Man
Iron_Lad	Hulkling
Iron_Lad	Kristoff_Vernard
Iron_Lad	Nathaniel_Richards_(Marvel_Comics)
Iron_Lad	Scarlet_Witch
Iron_Lad	Wolverine_(character)
Iron_Man_(Ultimate_Marvel_character)	Black_Widow_(Natasha_Romanova)
Iron_Man_(Ultimate_Marvel_character)	Hulk
Iron_Man_(Ultimate_Marvel_character)	Iron_Monger
Iron_Man_(Ultimate_Marvel_character)	Maker_(character)
Iron_Man_(Ultimate_Marvel_character)	Spider-Man
Iron_Man_(Ultimate_Marvel_character)	War_Machine
Iron_Man_(Ultimate_Marvel_character)	Wolverine_(Ultimate_Marvel_character)
Iron_Man_2020	Blizzard_(Marvel_Comics)
Iron_Man_2020	Machine_Man
Iron_Man_2020	Spider-Man
Iron_Man_2020	War_Machine
Iron_Monger	Darkhawk
Iron_Monger	Guardsman_(character)
Iron_Monger	Iron_Man_(Ultimate_Marvel_character)
Iron_Monger	U.S._Agent
Iron_Monger	War_Machine
Isaiah_Bradley	Bill_Foster_(character)
Isaiah_Bradley	Black_Panther_(character)
Isaiah_Bradley	Delroy_Garrett
Isaiah_Bradley	Hulk
Isaiah_Bradley	Luke_Cage
Isaiah_Bradley	Prowler_(Marvel_Comics)
Isaiah_Bradley	Storm_(Marvel_Comics)
Isaiah_Bradley	Wolverine_(character)
Isbisa	Eddie_Brock
Isbisa	Hulk
Isbisa	Scarlet_Witch
Isbisa	She-Hulk
Isbisa	Spider-Man
Isbisa	Venom_(character)
Isbisa	Whizzer_(Robert_Frank)
Jack_Frost_(Marvel_Comics)	Blizzard_(Marvel_Comics)
Jack_Frost_(Marvel_Comics)	Blue_Diamond_(character)
Jack_Frost_(Marvel_Comics)	Human_Torch_(android)
Jack_Frost_(Marvel_Comics)	Jeffrey_Mace
Jack_Frost_(Marvel_Comics)	Red_Raven_(Marvel_Comics)
Jack_Frost_(Marvel_Comics)	Scarlet_Witch
Jack_Frost_(Marvel_Comics)	Thin_Man_(character)
Jack_Frost_(Marvel_Comics)	Whizzer_(Robert_Frank)
Jack_Monroe_(character)	Bucky_(Marvel_Comics)
Jack_Monroe_(character)	Doctor_Faustus_(character)
Jack_Monroe_(character)	Green_Goblin
Jack_Monroe_(character)	Hank_Pym
Jack_Monroe_(character)	Nomad_(Marvel_Comics)
Jack_Monroe_(character)	Sidewinder_(character)
Jack_Monroe_(character)	William_Burnside_(character)
Jackal_(Marvel_Comics_character)	Black_Bolt
Jackal_(Marvel_Comics_character)	Black_Panther_(character)
Jackal_(Marvel_Comics_character)	Brian_Braddock
Jackal_(Marvel_Comics_character)	Carrion_(comics)
Jackal_(Marvel_Comics_character)	Cyclops_(Marvel_Comics)
Jackal_(Marvel_Comics_character)	Doctor_Strange
Jackal_(Marvel_Comics_character)	Eddie_Brock
Jackal_(Marvel_Comics_character)	Green_Goblin
Jackal_(Marvel_Comics_character)	Grizzly_(comics)
Jackal_(Marvel_Comics_character)	Hydro-Man
Jackal_(Marvel_Comics_character)	Lizard_(character)
Jackal_(Marvel_Comics_character)	Norman_Osborn
Jackal_(Marvel_Comics_character)	Scarlet_Spider
Jackal_(Marvel_Comics_character)	Spider-Girl
Jackal_(Marvel_Comics_character)	Spider-Man
Jackal_(Marvel_Comics_character)	Spider-Woman_(Gwen_Stacy)
Jackal_(Marvel_Comics_character)	Tarantula_(Marvel_Comics)
Jackhammer_(comics)	Battlestar_(character)
Jackhammer_(comics)	Black_Widow_(Natasha_Romanova)
Jackhammer_(comics)	Power_Broker_(character)
Jackhammer_(comics)	Silvermane
Jackhammer_(comics)	Union_Jack_(Marvel_Comics)
Janice_Lincoln	Black_Widow_(Natasha_Romanova)
Janice_Lincoln	Iron_Fist_(character)
Janice_Lincoln	Luke_Cage
Janice_Lincoln	Silvermane
Janice_Lincoln	Spider-Man
Janice_Lincoln	Tinkerer_(Marvel_Comics)
Janice_Lincoln	Tombstone_(character)
Jason_Macendale	Doppelganger_(Marvel_Comics)
Jason_Macendale	Foreigner_(character)
Jason_Macendale	Hobgoblin_(Marvel_Comics)
Jason_Macendale	Machine_Man
Jason_Macendale	Norman_Osborn
Jason_Macendale	Spider-Man
Jean_Grey	Apocalypse_(character)
Jean_Grey	Betsy_Braddock
Jean_Grey	Cable_(character)
Jean_Grey	Cyclops_(Marvel_Comics)
Jean_Grey	Emma_Frost
Jean_Grey	Gladiator_(Kallark)
Jean_Grey	Jean_Grey_(X-Men_film_series)
Jean_Grey	Mister_Sinister
Jean_Grey	Phoenix_Force
Jean_Grey	Purple_Man
Jean_Grey	Rachel_Summers
Jean_Grey	Storm_(Marvel_Comics)
Jean_Grey	Wolverine_(Ultimate_Marvel_character)
Jean_Grey	Wolverine_(character)
Jean_Grey	Xorn
Jean_Grey_(X-Men_film_series)	Apocalypse_(character)
Jean_Grey_(X-Men_film_series)	Cyclops_(Marvel_Comics)
Jean_Grey_(X-Men_film_series)	Jean_Grey
Jean_Grey_(X-Men_film_series)	Jubilee_(character)
Jean_Grey_(X-Men_film_series)	Leech_(character)
Jean_Grey_(X-Men_film_series)	Phoenix_Force
Jeffrey_Mace	Human_Torch_(android)
Jeffrey_Mace	Mister_Hyde_(Marvel_Comics)
Jeffrey_Mace	Thunderbolt_Ross
Jericho_Drumm	Apocalypse_(character)
Jericho_Drumm	Black_Cat_(Marvel_Comics)
Jericho_Drumm	Doctor_Strange
Jericho_Drumm	Gargoyle_(comics)
Jericho_Drumm	Ghost_Rider
Jericho_Drumm	Satana_(Marvel_Comics)
Jericho_Drumm	Scarlet_Witch
Jericho_Drumm	Werewolf_by_Night
Jerry_Jaxon	Box_(comics)
Jerry_Jaxon	Guardian_(Marvel_Comics)
Jerry_Jaxon	Vindicator_(comics)
Jerry_Jaxon	Wild_Child_(character)
Jessica_Jones	Blue_Marvel
Jessica_Jones	Cloak_and_Dagger_(characters)
Jessica_Jones	Doctor_Strange
Jessica_Jones	Green_Goblin
Jessica_Jones	Iron_Fist_(character)
Jessica_Jones	Janice_Lincoln
Jessica_Jones	Jean_Grey
Jessica_Jones	Luke_Cage
Jessica_Jones	Mister_Sinister
Jessica_Jones	Misty_Knight
Jessica_Jones	Norman_Osborn
Jessica_Jones	Purple_Man
Jessica_Jones	Scarlet_Witch
Jessica_Jones	She-Hulk
Jessica_Jones	Spider-Girl
Jessica_Jones	Spider-Man
Jessica_Jones	Spider-Woman_(Jessica_Drew)
Jessica_Jones	Wolverine_(character)
Jester_(Marvel_Comics)	Cloak_and_Dagger_(characters)
Jester_(Marvel_Comics)	Hydro-Man
Jester_(Marvel_Comics)	Spider-Man
John_Jameson_(character)	Hulk
John_Jameson_(character)	Human_Torch
John_Jameson_(character)	Lizard_(character)
John_Jameson_(character)	Norman_Osborn
John_Jameson_(character)	Patsy_Walker
John_Jameson_(character)	She-Hulk
John_Jameson_(character)	Spider-Man
John_Jameson_(character)	Spider-Woman_(Gwen_Stacy)
John_Jameson_(character)	Star_Brand
John_Jameson_(character)	Thunderbolt_Ross
John_Ryker	Devil_Hulk
John_Ryker	Hulk
John_Ryker	Norman_Osborn
John_Ryker	She-Hulk_(Lyra)
John_Ryker	Thunderbolt_Ross
Jonas_Harrow	Green_Goblin
Jonas_Harrow	Kangaroo_(character)
Jonas_Harrow	Living_Laser
Jonas_Harrow	Luke_Cage
Jonas_Harrow	Spider-Man
Jonas_Harrow	Will_o'_the_Wisp_(comics)
Jubilee_(character)	Apocalypse_(character)
Jubilee_(character)	Betsy_Braddock
Jubilee_(character)	Cable_(character)
Jubilee_(character)	Cyclops_(Marvel_Comics)
Jubilee_(character)	Doctor_Nemesis
Jubilee_(character)	Dracula_(Marvel_Comics)
Jubilee_(character)	Emma_Frost
Jubilee_(character)	Jean_Grey
Jubilee_(character)	Mojo_(comics)
Jubilee_(character)	Patsy_Walker
Jubilee_(character)	Scarlet_Witch
Jubilee_(character)	Storm_(Marvel_Comics)
Jubilee_(character)	Wolverine_(character)
Junior_Juniper	Baron_Strucker
Junior_Juniper	Jean_Grey
Junior_Juniper	Wolverine_(character)
Justice_(New_Universe)	Hulk_2099
Justice_(New_Universe)	Nightmask
Justice_(New_Universe)	Quasar_(character)
Justice_(New_Universe)	Star_Brand
Justice_(New_Universe)	Starr_the_Slayer
Kaluu	Doctor_Strange
Kaluu	Varnae
Kangaroo_(character)	Grizzly_(comics)
Kangaroo_(character)	Jonas_Harrow
Kangaroo_(character)	Luke_Cage
Kangaroo_(character)	Spider-Man
Kangaroo_(character)	Spot_(Marvel_Comics)
Karla_Sofen	Captain_Marvel_(Khn'nr)
Karla_Sofen	Captain_Marvel_(Marvel_Comics)
Karla_Sofen	Deadpool
Karla_Sofen	Doctor_Faustus_(character)
Karla_Sofen	Egghead_(Marvel_Comics)
Karla_Sofen	Genis-Vell
Karla_Sofen	Lloyd_Bloch
Karla_Sofen	Luke_Cage
Karla_Sofen	Man-Thing
Karla_Sofen	Ms._Marvel
Karla_Sofen	Noh-Varr
Karla_Sofen	Norman_Osborn
Karla_Sofen	Spider-Man
Karnak_(character)	Black_Bolt
Karnak_(character)	Black_Panther_(character)
Karnak_(character)	Gorgon_(Inhuman)
Karnak_(character)	Hulk
Karnak_(character)	Human_Torch
Karnak_(character)	Jean_Grey
Karnak_(character)	Moon_Knight
Karnak_(character)	Psycho-Man
Karnak_(character)	Ultron
Kearson_DeWitt	Darkhawk
Kearson_DeWitt	Iron_Monger
Kearson_DeWitt	Living_Lightning
Kearson_DeWitt	Professor_Power
Kearson_DeWitt	Scarlet_Witch
Kearson_DeWitt	U.S._Agent
Kearson_DeWitt	Ultimo_(Marvel_Comics)
Kearson_DeWitt	War_Machine
Kid_Colt	Black_Panther_(character)
Kid_Colt	Two-Gun_Kid
Killpower	Hulk
Killpower	Motormouth_(comics)
Killraven	Black_Panther_(character)
Killraven	Franklin_Richards_(character)
Killraven	Ravage_2099
Killraven	Shang-Chi
Killraven	Spider-Man
Kingpin_(Matt_Murdock)	Black_Cat_(Marvel_Comics)
Kingpin_(Matt_Murdock)	Silk_(character)
Kingpin_(Matt_Murdock)	Silvermane
Kingpin_(Matt_Murdock)	Spider-Woman_(Gwen_Stacy)
Kingpin_(Matt_Murdock)	Spider-Woman_(Jessica_Drew)
Kingpin_(Matt_Murdock)	Venom_(character)
Kismet_(Marvel_Comics)	Adam_Warlock
Kismet_(Marvel_Comics)	Captain_Marvel_(Marvel_Comics)
Kismet_(Marvel_Comics)	Hercules_(Marvel_Comics)
Kismet_(Marvel_Comics)	Hulk
Kismet_(Marvel_Comics)	Hyperion_(character)
Kismet_(Marvel_Comics)	Moondragon
Kismet_(Marvel_Comics)	Quasar_(character)
Kismet_(Marvel_Comics)	Star_Brand
Kismet_(Marvel_Comics)	Starhawk_(character)
Korath_the_Pursuer	Adam_Warlock
Korath_the_Pursuer	Blackwulf
Korath_the_Pursuer	Deathbird
Korath_the_Pursuer	Kismet_(Marvel_Comics)
Korath_the_Pursuer	Makkari_(character)
Korath_the_Pursuer	Moondragon
Korath_the_Pursuer	Quasar_(character)
Korath_the_Pursuer	Ronan_the_Accuser
Korath_the_Pursuer	Scarlet_Witch
Korath_the_Pursuer	Thanos
Korath_the_Pursuer	Ultron
Korvus	Nova_(Richard_Rider)
Korvus	Phoenix_Force
Korvus	Rachel_Summers
Korvus	Vulcan_(Marvel_Comics)
Krang_(Marvel_Comics)	Attuma
Krang_(Marvel_Comics)	Lemuel_Dorcas
Krang_(Marvel_Comics)	Nomad_(Marvel_Comics)
Krang_(Marvel_Comics)	Orka_(character)
Krang_(Marvel_Comics)	Puppet_Master_(Marvel_Comics)
Kristoff_Vernard	Franklin_Richards_(character)
Kristoff_Vernard	Human_Torch
Kristoff_Vernard	Nathaniel_Richards_(Marvel_Comics)
Kristoff_Vernard	She-Hulk
Kristoff_Vernard	Spider-Man
Kristoff_Vernard	Zarrko
Kro_(character)	Ikaris
Kro_(character)	Makkari_(character)
Kro_(character)	Thena
Kulan_Gath	Doctor_Strange
Kulan_Gath	Hyperion_(character)
Kulan_Gath	Machine_Man
Kulan_Gath	Selene_(comics)
Kulan_Gath	Spider-Man
Kulan_Gath	Vindicator_(comics)
Kulan_Gath	Zarathos
Kurse_(comics)	Balder_the_Brave
Kurse_(comics)	Beta_Ray_Bill
Kurse_(comics)	Beyonder
Lady_Gorgon	Rampage_(Marvel_Comics)
Lady_Gorgon	Silhouette_(comics)
Lash_(comics)	Black_Bolt
Lash_(comics)	Gorgon_(Inhuman)
Lash_(comics)	Hellfire_(J._T._Slade)
Lash_(comics)	Inferno_(Dante_Pertuz)
Lash_(comics)	Thanos
Laufey_(character)	Black_Panther_(character)
Laufey_(character)	Ulik
Leader_(character)	Abomination_(character)
Leader_(character)	Devil_Hulk
Leader_(character)	Hulk
Leader_(character)	Red_Hulk
Leader_(character)	Super-Skrull
Leader_(character)	Thunderbolt_Ross
Leap-Frog_(comics)	Frog-Man
Leap-Frog_(comics)	Spider-Man
Leap-Frog_(comics)	Wolverine_(character)
Leech_(character)	Emma_Frost
Leech_(character)	Franklin_Richards_(character)
Leech_(character)	Man-Thing
Leech_(character)	Shatterstar
Lei_Kung_(character)	Cyclops_(Marvel_Comics)
Lei_Kung_(character)	Iron_Fist_(character)
Lei_Kung_(character)	Phoenix_Force
Lei_Kung_(character)	Steel_Serpent
Lemuel_Dorcas	Attuma
Lemuel_Dorcas	Krang_(Marvel_Comics)
Lemuel_Dorcas	Orka_(character)
Lemuel_Dorcas	Tiger_Shark_(Marvel_Comics)
Leo_(comics)	Aries_(character)
Leo_(comics)	Hulk
Leo_(comics)	Mockingbird_(Marvel_Comics)
Leo_(comics)	Moon_Knight
Leo_(comics)	Quicksilver_(Marvel_Comics)
Leo_(comics)	Sagittarius_(comics)
Leo_(comics)	Scorpio_(Marvel_Comics)
Leo_(comics)	Taurus_(Marvel_Comics)
Leo_(comics)	Thanos
Libra_(Marvel_Comics)	Quicksilver_(Marvel_Comics)
Libra_(Marvel_Comics)	Thanos
Lightmaster	Absorbing_Man
Lightmaster	Cable_(character)
Lightmaster	Mister_Hyde_(Marvel_Comics)
Lightmaster	Mister_Negative
Lightmaster	Quasar_(character)
Lightmaster	Spider-Man
Lightmaster	Tarantula_(Marvel_Comics)
Living_Brain	Answer_(comics)
Living_Brain	Spider-Man
Living_Laser	Batroc_the_Leaper
Living_Laser	Quasar_(character)
Living_Laser	War_Machine
Living_Lightning	Flatman_(character)
Living_Lightning	Hulk
Living_Lightning	Human_Torch
Living_Lightning	Quasar_(character)
Living_Lightning	Scarlet_Spider
Living_Monolith	Apocalypse_(character)
Living_Monolith	Cyclops_(Marvel_Comics)
Living_Monolith	Deathbird
Living_Monolith	Ego_the_Living_Planet
Living_Monolith	Human_Torch
Living_Monolith	Mister_Sinister
Lizard_(character)	Beyonder
Lizard_(character)	Black_Panther_(character)
Lizard_(character)	Carrion_(comics)
Lizard_(character)	Eddie_Brock
Lizard_(character)	Emma_Frost
Lizard_(character)	Gentleman_(character)
Lizard_(character)	Human_Torch
Lizard_(character)	Hydro-Man
Lizard_(character)	Jackal_(Marvel_Comics_character)
Lizard_(character)	Maker_(character)
Lizard_(character)	Man-Thing
Lizard_(character)	Mister_Hyde_(Marvel_Comics)
Lizard_(character)	Morbius
Lizard_(character)	Mysterio
Lizard_(character)	Norman_Osborn
Lizard_(character)	Silvermane
Lizard_(character)	Spider-Man
Lizard_(character)	Storm_(Marvel_Comics)
Lizard_(character)	Venom_(character)
Lizard_(character)	Wolverine_(character)
Lloyd_Bloch	Cyclops_(Marvel_Comics)
Lloyd_Bloch	Jean_Grey
Lloyd_Bloch	Karla_Sofen
Lloyd_Bloch	Tumbler_(comics)
Llyra	Attuma
Llyra	Krang_(Marvel_Comics)
Llyra	Spider-Man
Llyra	Tiger_Shark_(Marvel_Comics)
Locksmith_(comics)	Daddy_Longlegs_(comics)
Locksmith_(comics)	Flying_Tiger_(Marvel_Comics)
Locksmith_(comics)	Hangman_(Marvel_Comics)
Locksmith_(comics)	Spider-Woman_(Jessica_Drew)
Locksmith_(comics)	Tatterdemalion
Locksmith_(comics)	Werewolf_by_Night
Looter_(character)	Bill_Foster_(character)
Looter_(character)	Grizzly_(comics)
Looter_(character)	Hippo_(character)
Looter_(character)	Hornet_(comics)
Looter_(character)	Mauler_(comics)
Looter_(character)	Mayday_Parker
Looter_(character)	Mirage_(Marvel_Comics)
Looter_(character)	Norman_Osborn
Looter_(character)	Porcupine_(character)
Looter_(character)	Silk_(character)
Looter_(character)	Spider-Man
Looter_(character)	Spider-UK
Luke_Cage	Bill_Foster_(character)
Luke_Cage	Black_Mariah
Luke_Cage	Black_Panther_(character)
Luke_Cage	Blade_(character)
Luke_Cage	Cockroach_Hamilton
Luke_Cage	Cottonmouth_(Cornell_Stokes)
Luke_Cage	Diamondback_(Willis_Stryker)
Luke_Cage	Gideon_Mace
Luke_Cage	Iron_Fist_(character)
Luke_Cage	Jericho_Drumm
Luke_Cage	Jessica_Jones
Luke_Cage	Living_Monolith
Luke_Cage	Misty_Knight
Luke_Cage	Mr._Fish
Luke_Cage	Norman_Osborn
Luke_Cage	Spider-Man
Luke_Cage	Stiletto_(comics)
Luke_Cage	Storm_(Marvel_Comics)
Lunatik	Blood_Brothers_(comics)
Lunatik	John_Jameson_(character)
Lunatik	Star-Lord
Mac_Gargan	Ares_(Marvel_Comics)
Mac_Gargan	Eddie_Brock
Mac_Gargan	Farley_Stillwell
Mac_Gargan	Hydro-Man
Mac_Gargan	Iron_Fist_(character)
Mac_Gargan	Ms._Marvel
Mac_Gargan	Norman_Osborn
Mac_Gargan	Prowler_(Marvel_Comics)
Mac_Gargan	Spider-Man
Mac_Gargan	Steel_Serpent
Mac_Gargan	Steel_Spider
Mac_Gargan	Venom_(character)
Machine_Man	Arabian_Knight_(character)
Machine_Man	Black_Bolt
Machine_Man	Cable_(character)
Machine_Man	Deathlok
Machine_Man	Elsa_Bloodstone
Machine_Man	Ghost_Rider_(Danny_Ketch)
Machine_Man	Hulk
Machine_Man	Iron_Man_2020
Machine_Man	Iron_Monger
Machine_Man	Morbius
Machine_Man	Ms._Marvel
Machine_Man	Red_Hulk
Machine_Man	Spider-Man
Machine_Man	Thunderbolt_Ross
Machine_Man	Vance_Astrovik
Mad_Dog_(Marvel_Comics)	Patsy_Walker
Mad_Dog_(Marvel_Comics)	Spider-Man
Maestro_(character)	Black_Cat_(Marvel_Comics)
Maestro_(character)	Genis-Vell
Maestro_(character)	Hercules_(Marvel_Comics)
Maestro_(character)	Hulk
Maestro_(character)	Hulk_2099
Maestro_(character)	Machine_Man
Maestro_(character)	Ronan_the_Accuser
Maestro_(character)	She-Hulk
Maestro_(character)	Spider-Girl
Maestro_(character)	Spider-Man
Maestro_(character)	Thunderbolt_Ross
Maestro_(character)	Ulik
Maestro_(character)	Ultron
Maestro_(character)	Wolverine_(character)
Magician_(Marvel_Comics)	Hank_Pym
Magician_(Marvel_Comics)	Jean_Grey
Magician_(Marvel_Comics)	Power_Broker_(character)
Magician_(Marvel_Comics)	Wolverine_(Ultimate_Marvel_character)
Mahkizmo	Captain_Marvel_(Marvel_Comics)
Mahkizmo	Puppet_Master_(Marvel_Comics)
Mahkizmo	She-Hulk
Mahr_Vehl	Genis-Vell
Mahr_Vehl	Maker_(character)
Mahr_Vehl	Thanos
Maker_(character)	Deathlok
Maker_(character)	Eddie_Brock
Maker_(character)	Human_Torch
Maker_(character)	Iron_Lad
Maker_(character)	Mahr_Vehl
Maker_(character)	Molecule_Man
Maker_(character)	Mysterio
Maker_(character)	Venom_(character)
Makkari_(character)	Hurricane_(comics)
Makkari_(character)	Kro_(character)
Makkari_(character)	Quasar_(character)
Malcolm_Colcord	Abraham_Cornelius
Malcolm_Colcord	Brent_Jackson
Malcolm_Colcord	Wolverine_(character)
Man-Elephant	She-Hulk
Man-Thing	Blade_(character)
Man-Thing	Doctor_Strange
Man-Thing	Fin_Fang_Foom
Man-Thing	Hank_Pym
Man-Thing	Hit-Monkey
Man-Thing	Jericho_Drumm
Man-Thing	Lizard_(character)
Man-Thing	Mockingbird_(Marvel_Comics)
Man-Thing	Morbius
Man-Thing	Satana_(Marvel_Comics)
Man-Thing	She-Hulk
Man-Thing	Spider-Man
Man-Thing	Werewolf_by_Night
Man_Mountain_Marko	Eel_(Marvel_Comics)
Man_Mountain_Marko	Iron_Fist_(character)
Man_Mountain_Marko	Jessica_Jones
Man_Mountain_Marko	Kangaroo_(character)
Man_Mountain_Marko	Lizard_(character)
Man_Mountain_Marko	Luke_Cage
Man_Mountain_Marko	Mayday_Parker
Man_Mountain_Marko	Norman_Osborn
Man_Mountain_Marko	Shriek_(character)
Man_Mountain_Marko	Silvermane
Man_Mountain_Marko	Spider-Man
Man_Mountain_Marko	Thunderbolt_(Marvel_Comics)
Mania_(character)	Black_Cat_(Marvel_Comics)
Mania_(character)	Doctor_Strange
Mania_(character)	Eddie_Brock
Mania_(character)	Human_Torch
Mania_(character)	Mac_Gargan
Mania_(character)	Spider-Man
Mania_(character)	Venom_(character)
Mania_(character)	Wolverine_(character)
Marduk_Kurios	Satana_(Marvel_Comics)
Mark_Hazzard:_Merc	Nightmask
Marvel_Boy_(Robert_Grayson)	Black_Knight_(Marvel_Comics)
Marvel_Boy_(Robert_Grayson)	Quasar_(character)
Marvel_Boy_(Robert_Grayson)	Thanos
Masked_Marauder	Gladiator_(Melvin_Potter)
Masked_Marauder	She-Hulk
Masked_Marauder	Spider-Man
Masked_Marauder	Werewolf_by_Night
Master_Khan	Iron_Fist_(character)
Master_Khan	Luke_Cage
Master_Khan	Misty_Knight
Master_Khan	Wolverine_(character)
Master_Man_(Marvel_Comics)	Baron_Strucker
Master_Man_(Marvel_Comics)	Brain_Drain_(character)
Master_Man_(Marvel_Comics)	Cable_(character)
Master_Man_(Marvel_Comics)	Human_Torch_(android)
Master_Man_(Marvel_Comics)	Spitfire_(character)
Master_Man_(Marvel_Comics)	Toro_(character)
Master_Man_(Marvel_Comics)	U-Man
Master_Man_(Marvel_Comics)	Union_Jack_(Joseph_Chapman)
Master_Man_(Marvel_Comics)	Warrior_Woman_(Marvel_Comics)
Master_Menace	Doctor_Spectrum
Master_Menace	Hyperion_(character)
Master_Menace	Nth_Man
Master_Menace	Overmind_(comics)
Master_Mold	Apocalypse_(character)
Master_Mold	Cyclops_(Marvel_Comics)
Master_Mold	Hulk
Master_Mold	Mole_Man
Master_Mold	Wolverine_(character)
Master_Pandemonium	Franklin_Richards_(character)
Master_Pandemonium	Ghost_Rider_(Danny_Ketch)
Master_Pandemonium	Scarlet_Witch
Master_Pandemonium	Speed_(character)
Master_of_the_World_(character)	Captain_Marvel_(Marvel_Comics)
Master_of_the_World_(character)	Guardian_(Marvel_Comics)
Master_of_the_World_(character)	Hercules_(Marvel_Comics)
Master_of_the_World_(character)	Hulk
Master_of_the_World_(character)	Iron_Fist_(character)
Master_of_the_World_(character)	Puck_(Marvel_Comics)
Master_of_the_World_(character)	She-Hulk
Master_of_the_World_(character)	Vindicator_(comics)
Master_of_the_World_(character)	Wendigo_(comics)
Master_of_the_World_(character)	White_Tiger_(Heroes_for_Hire)
Mauler_(comics)	Hobgoblin_(Marvel_Comics)
Mauler_(comics)	Hyperion_(character)
Mauler_(comics)	Norman_Osborn
Mauler_(comics)	War_Machine
Mayday_Parker	Anya_Corazon
Mayday_Parker	Black_Cat_(Marvel_Comics)
Mayday_Parker	Darkdevil
Mayday_Parker	Green_Goblin
Mayday_Parker	Hobgoblin_(Marvel_Comics)
Mayday_Parker	Mac_Gargan
Mayday_Parker	Maker_(character)
Mayday_Parker	Man_Mountain_Marko
Mayday_Parker	Phil_Urich
Mayday_Parker	Sabretooth_(character)
Mayday_Parker	Scarlet_Spider
Mayday_Parker	Silk_(character)
Mayday_Parker	Spider-Girl
Mayday_Parker	Spider-Man
Mayday_Parker	Spider-Man_Noir
Mayday_Parker	Spider-UK
Mayday_Parker	Spider-Woman
Mayday_Parker	Spider-Woman_(Jessica_Drew)
Mayday_Parker	Venom_(character)
Mayday_Parker	Wolverine_(character)
Mentallo	Maker_(character)
Mentallo	Silvermane
Mentallo	Super-Adaptoid
Mentallo	U.S._Agent
Metal_Master_(comics)	Absorbing_Man
Metal_Master_(comics)	Black_Bolt
Metal_Master_(comics)	Hulk
Metal_Master_(comics)	Rom_the_Space_Knight
Michael_Pointer_(character)	Guardian_(Marvel_Comics)
Michael_Pointer_(character)	Norman_Osborn
Michael_Pointer_(character)	Scarlet_Witch
Michael_Pointer_(character)	Xorn
Midgard_Serpent_(Marvel_Comics)	Beta_Ray_Bill
Midgard_Serpent_(Marvel_Comics)	Fin_Fang_Foom
Midgard_Serpent_(Marvel_Comics)	Kurse_(comics)
Midgard_Serpent_(Marvel_Comics)	Scarlet_Witch
Midgard_Serpent_(Marvel_Comics)	Ulik
Midnight_Man_(comics)	Moon_Knight
Mikhail_Rasputin	Apocalypse_(character)
Mikhail_Rasputin	Empath_(character)
Mikhail_Rasputin	Jean_Grey
Mikhail_Rasputin	Mister_Sinister
Mikhail_Rasputin	Storm_(Marvel_Comics)
Mind-Wave	Bullseye_(Marvel_Comics)
Mind-Wave	Mirage_(Marvel_Comics)
Miracleman_(character)	Fury_(Marvel_Comics)
Mirage_(Marvel_Comics)	Bullseye_(Marvel_Comics)
Mirage_(Marvel_Comics)	Doctor_Strange
Mirage_(Marvel_Comics)	Mind-Wave
Missing_Link_(comics)	Hulk
Missing_Link_(comics)	Ringmaster_(comics)
Missing_Link_(comics)	Rom_the_Space_Knight
Mister_Fear	Eel_(Marvel_Comics)
Mister_Fear	Spider-Man
Mister_Hyde_(Marvel_Comics)	Balder_the_Brave
Mister_Hyde_(Marvel_Comics)	Batroc_the_Leaper
Mister_Hyde_(Marvel_Comics)	Black_Cat_(Marvel_Comics)
Mister_Hyde_(Marvel_Comics)	Cobra_(Marvel_Comics)
Mister_Hyde_(Marvel_Comics)	Ghost_Rider_(Danny_Ketch)
Mister_Hyde_(Marvel_Comics)	Gladiator_(Melvin_Potter)
Mister_Hyde_(Marvel_Comics)	Green_Goblin
Mister_Hyde_(Marvel_Comics)	Hercules_(Marvel_Comics)
Mister_Hyde_(Marvel_Comics)	Hulk
Mister_Hyde_(Marvel_Comics)	Jester_(Marvel_Comics)
Mister_Hyde_(Marvel_Comics)	Lizard_(character)
Mister_Hyde_(Marvel_Comics)	Luke_Cage
Mister_Hyde_(Marvel_Comics)	Mac_Gargan
Mister_Hyde_(Marvel_Comics)	Man-Thing
Mister_Hyde_(Marvel_Comics)	Norman_Osborn
Mister_Hyde_(Marvel_Comics)	Purple_Man
Mister_Hyde_(Marvel_Comics)	Spider-Man
Mister_Hyde_(Marvel_Comics)	Tiger_Shark_(Marvel_Comics)
Mister_Hyde_(Marvel_Comics)	Vibro_(comics)
Mister_Negative	Black_Cat_(Marvel_Comics)
Mister_Negative	Cloak_and_Dagger_(characters)
Mister_Negative	Eddie_Brock
Mister_Negative	Norman_Osborn
Mister_Negative	Shang-Chi
Mister_Negative	Silvermane
Mister_Negative	Spider-Man
Mister_Negative	Spot_(Marvel_Comics)
Mister_Negative	Venom_(character)
Mister_Sinister	Apocalypse_(character)
Mister_Sinister	Betsy_Braddock
Mister_Sinister	Cable_(character)
Mister_Sinister	Cyclops_(Marvel_Comics)
Mister_Sinister	Deadpool
Mister_Sinister	Hulk
Mister_Sinister	Jean_Grey
Mister_Sinister	Mikhail_Rasputin
Mister_Sinister	Phoenix_Force
Mister_Sinister	Sabretooth_(character)
Mister_Sinister	Selene_(comics)
Mister_Sinister	Spider-Man
Mister_Sinister	Wolverine_(character)
Mister_X_(Marvel_Comics)	Hulk
Mister_X_(Marvel_Comics)	Iron_Fist_(character)
Mister_X_(Marvel_Comics)	Luke_Cage
Mister_X_(Marvel_Comics)	Norman_Osborn
Mister_X_(Marvel_Comics)	Paladin_(comics)
Mister_X_(Marvel_Comics)	Quicksilver_(Marvel_Comics)
Mister_X_(Marvel_Comics)	Wolverine_(character)
Mister_X_(Marvel_Comics)	Yelena_Belova
Misty_Knight	Bill_Foster_(character)
Misty_Knight	Black_Cat_(Marvel_Comics)
Misty_Knight	Black_Panther_(character)
Misty_Knight	Blade_(character)
Misty_Knight	Iron_Fist_(character)
Misty_Knight	Jean_Grey
Misty_Knight	Luke_Cage
Misty_Knight	Orka_(character)
Misty_Knight	Paladin_(comics)
Misty_Knight	Phoenix_Force
Misty_Knight	Prowler_(Marvel_Comics)
Misty_Knight	Puppet_Master_(Marvel_Comics)
Misty_Knight	Shang-Chi
Misty_Knight	Spider-Man
Misty_Knight	Steel_Serpent
Misty_Knight	Super-Skrull
Misty_Knight	Tarantula_(Marvel_Comics)
Misty_Knight	Wolverine_(character)
Mockingbird_(Marvel_Comics)	Black_Widow_(Natasha_Romanova)
Mockingbird_(Marvel_Comics)	Deathlok
Mockingbird_(Marvel_Comics)	Doctor_Strange
Mockingbird_(Marvel_Comics)	Gemini_(Marvel_Comics)
Mockingbird_(Marvel_Comics)	Jonas_Harrow
Mockingbird_(Marvel_Comics)	Man-Thing
Mockingbird_(Marvel_Comics)	Moon_Knight
Mockingbird_(Marvel_Comics)	Norman_Osborn
Mockingbird_(Marvel_Comics)	Patsy_Walker
Mockingbird_(Marvel_Comics)	Plunderer_(comics)
Mockingbird_(Marvel_Comics)	Quicksilver_(Marvel_Comics)
Mockingbird_(Marvel_Comics)	Ronin_(Marvel_Comics)
Mockingbird_(Marvel_Comics)	Sin_(Marvel_Comics)
Mockingbird_(Marvel_Comics)	Spider-Man
Mockingbird_(Marvel_Comics)	Spider-Woman
Mockingbird_(Marvel_Comics)	Ultimo_(Marvel_Comics)
Mockingbird_(Marvel_Comics)	Ultron
Mockingbird_(Marvel_Comics)	War_Machine
Modular_Man	Spider-Man
Modular_Man	Ulysses_Bloodstone
Mojo_(comics)	Cable_(character)
Mojo_(comics)	Deadpool
Mojo_(comics)	Doctor_Strange
Mojo_(comics)	Rachel_Summers
Mojo_(comics)	Rocket_Raccoon
Mole_Man	Adam_Warlock
Mole_Man	Devil_Dinosaur
Mole_Man	Dreadnought_(comics)
Mole_Man	Franklin_Richards_(character)
Mole_Man	Ghost_Rider_(Danny_Ketch)
Mole_Man	Hulk
Mole_Man	Human_Torch
Mole_Man	Kro_(character)
Mole_Man	Spider-Man
Mole_Man	Tricephalous_(comics)
Mole_Man	Ultron
Mole_Man	Wolverine_(character)
Molecule_Man	Beyonder
Molecule_Man	Franklin_Richards_(character)
Molecule_Man	Hulk
Molecule_Man	Norman_Osborn
Molecule_Man	Sentry_(Robert_Reynolds)
Molecule_Man	She-Hulk
Molecule_Man	Spider-Man
Molecule_Man	Super-Adaptoid
Monsteroso	Giganto
Montana_(character)	Black_Cat_(Marvel_Comics)
Montana_(character)	Green_Goblin
Montana_(character)	Jackal_(Marvel_Comics_character)
Montana_(character)	Lightmaster
Montana_(character)	Norman_Osborn
Montana_(character)	Phil_Urich
Montana_(character)	Screwball_(character)
Montana_(character)	Spider-Man
Montana_(character)	Spider-Man_Noir
Montana_(character)	Tombstone_(character)
Montana_(character)	Venom_(character)
Moon_Knight	Adam_Warlock
Moon_Knight	Black_Spectre
Moon_Knight	Blade_(character)
Moon_Knight	Bushman_(character)
Moon_Knight	Deadpool
Moon_Knight	Doctor_Strange
Moon_Knight	Ghost_Rider
Moon_Knight	Iron_Fist_(character)
Moon_Knight	Living_Monolith
Moon_Knight	Luke_Cage
Moon_Knight	Morpheus_(Marvel_Comics)
Moon_Knight	Paladin_(comics)
Moon_Knight	Phoenix_Force
Moon_Knight	Profile_(Marvel_Comics)
Moon_Knight	Shadow_Knight_(character)
Moon_Knight	Shang-Chi
Moon_Knight	Spider-Man
Moon_Knight	Star_Brand
Moon_Knight	Tinkerer_(Marvel_Comics)
Moon_Knight	Ultron
Moon_Knight	Werewolf_by_Night
Moon_Knight	Wolverine_(character)
Moon_Knight	Zarathos
Moondragon	Adam_Warlock
Moondragon	Black_Bolt
Moondragon	Doctor_Strange
Moondragon	Genis-Vell
Moondragon	Patsy_Walker
Moondragon	Phyla-Vell
Moondragon	Quasar_(character)
Moondragon	Super-Adaptoid
Moondragon	Thanos
Moondragon	Ultron
Moonglow_(comics)	Doctor_Strange
Moonglow_(comics)	Nth_Man
Moonglow_(comics)	Overmind_(comics)
Morbius	Black_Cat_(Marvel_Comics)
Morbius	Blade_(character)
Morbius	Deathlok
Morbius	Doctor_Strange
Morbius	Dracula_(Marvel_Comics)
Morbius	Eddie_Brock
Morbius	Ghost_Rider_(Johnny_Blaze)
Morbius	Human_Torch
Morbius	Jericho_Drumm
Morbius	John_Jameson_(character)
Morbius	Lizard_(character)
Morbius	Man-Thing
Morbius	Misty_Knight
Morbius	Morpheus_(Marvel_Comics)
Morbius	Outlaw_(Marvel_Comics)
Morbius	Rose_(Marvel_Comics)
Morbius	She-Hulk
Morbius	Shriek_(character)
Morbius	Spider-Man
Morbius	Werewolf_by_Night
Morbius	Wolverine_(character)
Morg	Beta_Ray_Bill
Morg	Firelord_(character)
Morg	Gladiator_(Kallark)
Morpheus_(Marvel_Comics)	Moon_Knight
Motormouth_(comics)	Doctor_Strange
Motormouth_(comics)	Hulk
Motormouth_(comics)	Killpower
Motormouth_(comics)	Peggy_Carter
Mountjoy_(comics)	Betsy_Braddock
Mountjoy_(comics)	Danger_Room
Mountjoy_(comics)	Storm_(Marvel_Comics)
Mr._Fish	Iron_Fist_(character)
Mr._Fish	Luke_Cage
Mr._Fish	Power_Man_(Victor_Alvarez)
Ms._Marvel	Captain_Marvel_(Marvel_Comics)
Ms._Marvel	Karla_Sofen
Ms._Marvel	Lloyd_Bloch
Ms._Marvel	Norman_Osborn
Ms._Marvel	Power_Broker_(character)
Mysterio	Black_Cat_(Marvel_Comics)
Mysterio	Black_Widow_(Natasha_Romanova)
Mysterio	Bullseye_(Marvel_Comics)
Mysterio	Deadpool
Mysterio	Doctor_Strange
Mysterio	Dusk_(comics)
Mysterio	Hobgoblin_(Marvel_Comics)
Mysterio	Hulk
Mysterio	Human_Torch
Mysterio	Iron_Man_(Ultimate_Marvel_character)
Mysterio	Janice_Lincoln
Mysterio	John_Jameson_(character)
Mysterio	Maker_(character)
Mysterio	Mister_Negative
Mysterio	Moon_Knight
Mysterio	Silvermane
Mysterio	Spider-Man
Mysterio	Tinkerer_(Marvel_Comics)
Mysterio	Venom_(character)
NFL_SuperPro	Spider-Man
Naga_(Marvel_Comics)	Llyra
Naga_(Marvel_Comics)	Scarlet_Witch
Nanny_and_Orphan-Maker	Empath_(character)
Nanny_and_Orphan-Maker	Mister_Sinister
Nanny_and_Orphan-Maker	Oya_(comics)
Nanny_and_Orphan-Maker	Sabretooth_(character)
Nanny_and_Orphan-Maker	Storm_(Marvel_Comics)
Nanny_and_Orphan-Maker	Wild_Child_(character)
Nathaniel_Richards_(Marvel_Comics)	Franklin_Richards_(character)
Nathaniel_Richards_(Marvel_Comics)	Iron_Lad
Nathaniel_Richards_(Marvel_Comics)	Maker_(character)
Nebulon_(comics)	Doctor_Strange
Nebulon_(comics)	Hyperion_(character)
Nicholas_Scratch	Doctor_Strange
Nicholas_Scratch	Patsy_Walker
Nicodemus_West	Doctor_Strange
Nicodemus_West	Emma_Frost
Nightmask	Captain_Universe
Nightmask	Star_Brand
Nightmask	Starr_the_Slayer
Nightwatch_(character)	Doctor_Druid
Nightwatch_(character)	She-Hulk
Nightwatch_(character)	Spider-Man
Nightwatch_(character)	Vibro_(comics)
Noh-Varr	Apocalypse_(character)
Noh-Varr	Ares_(Marvel_Comics)
Noh-Varr	Black_Bolt
Noh-Varr	Captain_Marvel_(Khn'nr)
Noh-Varr	Captain_Marvel_(Marvel_Comics)
Noh-Varr	Doctor_Strange
Noh-Varr	Green_Goblin
Noh-Varr	Hercules_(Marvel_Comics)
Noh-Varr	Hulk
Noh-Varr	Hulkling
Noh-Varr	Karla_Sofen
Noh-Varr	Maestro_(character)
Noh-Varr	Moondragon
Noh-Varr	Ms._Marvel
Noh-Varr	Nova_(Richard_Rider)
Noh-Varr	Phyla-Vell
Noh-Varr	Rocket_Raccoon
Noh-Varr	Ronan_the_Accuser
Noh-Varr	Scarlet_Witch
Noh-Varr	Spider-Man
Noh-Varr	Spider-Woman_(Jessica_Drew)
Noh-Varr	Star-Lord
Noh-Varr	Super-Skrull
Noh-Varr	Wolverine_(character)
Nomad_(Marvel_Comics)	Bucky_(Marvel_Comics)
Nomad_(Marvel_Comics)	Jack_Monroe_(character)
Nomad_(Marvel_Comics)	Rikki_Barnes
Nomad_(Marvel_Comics)	William_Burnside_(character)
Norman_Osborn	Apocalypse_(character)
Norman_Osborn	Ares_(Marvel_Comics)
Norman_Osborn	Barney_Barton
Norman_Osborn	Black_Cat_(Marvel_Comics)
Norman_Osborn	Bullseye_(Marvel_Comics)
Norman_Osborn	Deadpool
Norman_Osborn	Emma_Frost
Norman_Osborn	Green_Goblin
Norman_Osborn	Hank_Pym
Norman_Osborn	Headsman_(character)
Norman_Osborn	Hobgoblin_(Marvel_Comics)
Norman_Osborn	Hulk
Norman_Osborn	Human_Torch
Norman_Osborn	Jackal_(Marvel_Comics_character)
Norman_Osborn	Jessica_Jones
Norman_Osborn	Karla_Sofen
Norman_Osborn	Luke_Cage
Norman_Osborn	Mac_Gargan
Norman_Osborn	Maker_(character)
Norman_Osborn	Molecule_Man
Norman_Osborn	Mysterio
Norman_Osborn	Noh-Varr
Norman_Osborn	Phil_Urich
Norman_Osborn	Ragnarok_(comics)
Norman_Osborn	Scarlet_Witch
Norman_Osborn	Sentry_(Robert_Reynolds)
Norman_Osborn	Silk_(character)
Norman_Osborn	Spider-Man
Norman_Osborn	Super-Adaptoid
Norman_Osborn	Thunderbolt_Ross
Norman_Osborn	Venom_(character)
Norman_Osborn	Werewolf_by_Night
Norman_Osborn	Wolverine_(character)
Northstar_(character)	Anole_(character)
Northstar_(character)	Cable_(character)
Northstar_(character)	Cyclops_(Marvel_Comics)
Northstar_(character)	Emma_Frost
Northstar_(character)	Green_Goblin
Northstar_(character)	Guardian_(Marvel_Comics)
Northstar_(character)	Hercules_(Marvel_Comics)
Northstar_(character)	Hulk
Northstar_(character)	Jean_Grey
Northstar_(character)	Jerry_Jaxon
Northstar_(character)	Mister_Sinister
Northstar_(character)	Puck_(Marvel_Comics)
Northstar_(character)	Sabretooth_(character)
Northstar_(character)	Scarlet_Witch
Northstar_(character)	Storm_(Marvel_Comics)
Northstar_(character)	Surge_(Marvel_Comics)
Northstar_(character)	Vindicator_(comics)
Northstar_(character)	Wolverine_(character)
Nova_(Richard_Rider)	Blade_(character)
Nova_(Richard_Rider)	Cable_(character)
Nova_(Richard_Rider)	Condor_(comics)
Nova_(Richard_Rider)	Darkhawk
Nova_(Richard_Rider)	Diamondhead_(comics)
Nova_(Richard_Rider)	Ego_the_Living_Planet
Nova_(Richard_Rider)	Mayday_Parker
Nova_(Richard_Rider)	Ms._Marvel
Nova_(Richard_Rider)	Powerhouse_(Marvel_Comics)
Nova_(Richard_Rider)	Quasar_(character)
Nova_(Richard_Rider)	Robbie_Baldwin
Nova_(Richard_Rider)	Rom_the_Space_Knight
Nova_(Richard_Rider)	Sphinx_(Marvel_Comics)
Nova_(Richard_Rider)	Spider-Man
Nova_(Richard_Rider)	Star-Lord
Nova_(Richard_Rider)	Super-Skrull
Nova_(Richard_Rider)	Thanos
Nuke_(Marvel_Comics)	Emma_Frost
Nuke_(Marvel_Comics)	Norman_Osborn
Nuke_(Marvel_Comics)	Scarlet_Witch
Nuke_(Marvel_Comics)	Wolverine_(character)
Occulus	Franklin_Richards_(character)
Occulus	Human_Torch
Occulus	Puppet_Master_(Marvel_Comics)
Ogre_(Marvel_Comics)	Humus_Sapien
Ogun_(comics)	Wolverine_(character)
Olivier_(comics)	Moon_Knight
Orb_(comics)	Bullseye_(Marvel_Comics)
Orb_(comics)	Ghost_Rider
Orb_(comics)	Ghost_Rider_(Johnny_Blaze)
Orb_(comics)	Hulk
Orb_(comics)	Spider-Man
Orb_(comics)	Thunderbolt_Ross
Orka_(character)	Abomination_(character)
Orka_(character)	Attuma
Orka_(character)	Black_Panther_(character)
Orka_(character)	Iron_Monger
Orka_(character)	Krang_(Marvel_Comics)
Orka_(character)	Lemuel_Dorcas
Orka_(character)	Misty_Knight
Orka_(character)	She-Hulk
Orka_(character)	Tiger_Shark_(Marvel_Comics)
Outlaw_(Marvel_Comics)	Agent_X_(Marvel_Comics)
Outlaw_(Marvel_Comics)	Cyclops_(Marvel_Comics)
Outlaw_(Marvel_Comics)	Deadpool
Outlaw_(Marvel_Comics)	Empath_(character)
Outlaw_(Marvel_Comics)	Maestro_(character)
Outlaw_(Marvel_Comics)	Shatterstar
Outlaw_(Marvel_Comics)	T-Ray_(comics)
Overdrive_(character)	Mister_Negative
Overdrive_(character)	Power_Broker_(character)
Overdrive_(character)	Spider-Man
Overmind_(comics)	Hyperion_(character)
Overmind_(comics)	Purple_Man
Overmind_(comics)	Quasar_(character)
Oya_(comics)	Cyclops_(Marvel_Comics)
Oya_(comics)	Sabretooth_(character)
Oya_(comics)	Storm_(Marvel_Comics)
Oya_(comics)	Wolverine_(character)
Painter_(comics)	Human_Torch
Painter_(comics)	Spider-Man
Paladin_(comics)	Cobra_(Marvel_Comics)
Paladin_(comics)	Eddie_Brock
Paladin_(comics)	Hank_Pym
Paladin_(comics)	Jubilee_(character)
Paladin_(comics)	Mister_Hyde_(Marvel_Comics)
Paladin_(comics)	Misty_Knight
Paladin_(comics)	Moon_Knight
Paladin_(comics)	Norman_Osborn
Paladin_(comics)	Orka_(character)
Paladin_(comics)	Purple_Man
Paladin_(comics)	Shang-Chi
Paladin_(comics)	Solo_(Marvel_Comics)
Paladin_(comics)	Spider-Man
Paladin_(comics)	Spider-Woman_(Jessica_Drew)
Paladin_(comics)	Tarantula_(Marvel_Comics)
Patsy_Walker	Black_Cat_(Marvel_Comics)
Patsy_Walker	Doctor_Strange
Patsy_Walker	Green_Goblin
Patsy_Walker	Hank_Pym
Patsy_Walker	Jessica_Jones
Patsy_Walker	Jubilee_(character)
Patsy_Walker	Kristoff_Vernard
Patsy_Walker	Mad_Dog_(Marvel_Comics)
Patsy_Walker	Mockingbird_(Marvel_Comics)
Patsy_Walker	Moondragon
Patsy_Walker	Nicholas_Scratch
Patsy_Walker	Scarlet_Witch
Patsy_Walker	She-Hulk
Peggy_Carter	Doctor_Faustus_(character)
Peggy_Carter	Thunderbolt_Ross
Phil_Urich	Darkhawk
Phil_Urich	Green_Goblin
Phil_Urich	Hobgoblin_(Marvel_Comics)
Phil_Urich	Mayday_Parker
Phil_Urich	Norman_Osborn
Phil_Urich	Tinkerer_(Marvel_Comics)
Phil_Urich	Turbo_(comics)
Phoenix_Force	Apocalypse_(character)
Phoenix_Force	Beyonder
Phoenix_Force	Cyclops_(Marvel_Comics)
Phoenix_Force	Emma_Frost
Phoenix_Force	Hank_Pym
Phoenix_Force	Jean_Grey
Phoenix_Force	Korvus
Phoenix_Force	Moon_Knight
Phoenix_Force	Predator_X_(character)
Phoenix_Force	Rachel_Summers
Phoenix_Force	Spider-Man
Phoenix_Force	Thanos
Phyla-Vell	Adam_Warlock
Phyla-Vell	Cammi_(character)
Phyla-Vell	Captain_Marvel_(Marvel_Comics)
Phyla-Vell	Genis-Vell
Phyla-Vell	Moondragon
Phyla-Vell	Nova_(Richard_Rider)
Phyla-Vell	Quasar_(character)
Phyla-Vell	Star-Lord
Phyla-Vell	Thanos
Piledriver_(character)	Beyonder
Piledriver_(character)	Bulldozer_(character)
Piledriver_(character)	Doctor_Strange
Piledriver_(character)	Hercules_(Marvel_Comics)
Piledriver_(character)	Hulk
Piledriver_(character)	Iron_Fist_(character)
Piledriver_(character)	Spider-Man
Piledriver_(character)	Thunderball_(character)
Piledriver_(character)	Ulik
Piledriver_(character)	Wrecker_(comics)
Pisces_(character)	Quicksilver_(Marvel_Comics)
Pisces_(character)	Scorpio_(Marvel_Comics)
Pisces_(character)	Taurus_(Marvel_Comics)
Pisces_(character)	Thanos
Plunderer_(comics)	Rom_the_Space_Knight
Plunderer_(comics)	Spider-Man
Plunderer_(comics)	Thanos
Porcupine_(character)	Batroc_the_Leaper
Porcupine_(character)	Eel_(Marvel_Comics)
Porcupine_(character)	Hank_Pym
Porcupine_(character)	Hobgoblin_(Marvel_Comics)
Porcupine_(character)	Misty_Knight
Porcupine_(character)	Nebulon_(comics)
Porcupine_(character)	Scarecrow_(Marvel_Comics)
Porcupine_(character)	She-Hulk
Porcupine_(character)	Spider-Woman_(Jessica_Drew)
Porcupine_(character)	Tinkerer_(Marvel_Comics)
Power_Broker_(character)	Machine_Man
Power_Broker_(character)	U.S._Agent
Power_Man_(Victor_Alvarez)	Anya_Corazon
Power_Man_(Victor_Alvarez)	Bullseye_(Marvel_Comics)
Power_Man_(Victor_Alvarez)	Hulk
Power_Man_(Victor_Alvarez)	Iron_Fist_(character)
Power_Man_(Victor_Alvarez)	Luke_Cage
Power_Man_(Victor_Alvarez)	Plunderer_(comics)
Powerhouse_(Marvel_Comics)	Condor_(comics)
Powerhouse_(Marvel_Comics)	Nova_(Richard_Rider)
Powerhouse_(Marvel_Comics)	Rom_the_Space_Knight
Powerhouse_(Marvel_Comics)	Spider-Man
Powerhouse_(Marvel_Comics)	Wolverine_(character)
Predator_X_(character)	Surge_(Marvel_Comics)
Princess_Python	Ghost_Rider_(Johnny_Blaze)
Princess_Python	Hank_Pym
Princess_Python	Quicksilver_(Marvel_Comics)
Princess_Python	Ringmaster_(comics)
Princess_Python	Scarlet_Witch
Princess_Python	Sidewinder_(character)
Princess_Python	Spider-Man
Professor_Power	Mad_Dog_(Marvel_Comics)
Professor_Power	Mentallo
Professor_Power	Moondragon
Professor_Power	Rikki_Barnes
Professor_Power	U.S._Agent
Profile_(Marvel_Comics)	Moon_Knight
Profile_(Marvel_Comics)	Norman_Osborn
Profile_(Marvel_Comics)	Shadow_Knight_(character)
Prowler_(Marvel_Comics)	Hobgoblin_(Marvel_Comics)
Prowler_(Marvel_Comics)	Hornet_(comics)
Prowler_(Marvel_Comics)	Jackal_(Marvel_Comics_character)
Prowler_(Marvel_Comics)	Luke_Cage
Prowler_(Marvel_Comics)	Mac_Gargan
Prowler_(Marvel_Comics)	Spider-Man
Prowler_(Marvel_Comics)	Spider-Woman_(Gwen_Stacy)
Prowler_(Marvel_Comics)	Tinkerer_(Marvel_Comics)
Psycho-Man	Captain_Universe
Psycho-Man	Cyclops_(Marvel_Comics)
Psycho-Man	Deadpool
Psycho-Man	Frankenstein's_Monster_(Marvel_Comics)
Psycho-Man	Ghost_Rider_(Danny_Ketch)
Psycho-Man	Hank_Pym
Psycho-Man	Hate-Monger
Psycho-Man	Hulk
Psycho-Man	Man-Thing
Psycho-Man	She-Hulk
Psycho-Man	Spider-Man
Psycho-Man	Wolverine_(character)
Psyklop	Hulk
Puck_(Marvel_Comics)	Adam_Warlock
Puck_(Marvel_Comics)	Betsy_Braddock
Puck_(Marvel_Comics)	Beyonder
Puck_(Marvel_Comics)	Guardian_(Marvel_Comics)
Puck_(Marvel_Comics)	Hulk
Puck_(Marvel_Comics)	Master_of_the_World_(character)
Puck_(Marvel_Comics)	Michael_Pointer_(character)
Puck_(Marvel_Comics)	Spider-Man
Puck_(Marvel_Comics)	Storm_(Marvel_Comics)
Puck_(Marvel_Comics)	Thanos
Puck_(Marvel_Comics)	Vindicator_(comics)
Puck_(Marvel_Comics)	Wendigo_(comics)
Puck_(Marvel_Comics)	Wolverine_(character)
Puppet_Master_(Marvel_Comics)	Egghead_(Marvel_Comics)
Puppet_Master_(Marvel_Comics)	Human_Torch
Puppet_Master_(Marvel_Comics)	Krang_(Marvel_Comics)
Puppet_Master_(Marvel_Comics)	Misty_Knight
Puppet_Master_(Marvel_Comics)	Purple_Man
Puppet_Master_(Marvel_Comics)	Sphinx_(Marvel_Comics)
Purple_Man	Black_Widow_(Natasha_Romanova)
Purple_Man	Genis-Vell
Purple_Man	Iron_Fist_(character)
Purple_Man	Jessica_Jones
Purple_Man	Luke_Cage
Purple_Man	Misty_Knight
Purple_Man	Moon_Knight
Purple_Man	Puppet_Master_(Marvel_Comics)
Purple_Man	Spider-Man
Pyro_(Marvel_Comics)	Cable_(character)
Pyro_(Marvel_Comics)	Mister_Sinister
Pyro_(Marvel_Comics)	Selene_(comics)
Quasar_(character)	Blood_Brothers_(comics)
Quasar_(character)	Marvel_Boy_(Robert_Grayson)
Quasar_(character)	Nova_(Richard_Rider)
Quasar_(character)	Phyla-Vell
Quicksilver_(Marvel_Comics)	Apocalypse_(character)
Quicksilver_(Marvel_Comics)	Black_Bolt
Quicksilver_(Marvel_Comics)	Franklin_Richards_(character)
Quicksilver_(Marvel_Comics)	Gorgon_(Inhuman)
Quicksilver_(Marvel_Comics)	Hank_Pym
Quicksilver_(Marvel_Comics)	Human_Torch
Quicksilver_(Marvel_Comics)	Mockingbird_(Marvel_Comics)
Quicksilver_(Marvel_Comics)	Northstar_(character)
Quicksilver_(Marvel_Comics)	Sabretooth_(character)
Quicksilver_(Marvel_Comics)	Scarlet_Witch
Quicksilver_(Marvel_Comics)	Synapse_(character)
Quicksilver_(Marvel_Comics)	Ultron
Quicksilver_(Marvel_Comics)	Whizzer_(Robert_Frank)
Rachel_Summers	Apocalypse_(character)
Rachel_Summers	Betsy_Braddock
Rachel_Summers	Cable_(character)
Rachel_Summers	Ch'od
Rachel_Summers	Cyclops_(Marvel_Comics)
Rachel_Summers	Deadpool
Rachel_Summers	Emma_Frost
Rachel_Summers	Franklin_Richards_(character)
Rachel_Summers	Gladiator_(Kallark)
Rachel_Summers	Jean_Grey
Rachel_Summers	Jubilee_(character)
Rachel_Summers	Korvus
Rachel_Summers	Northstar_(character)
Rachel_Summers	Phoenix_Force
Rachel_Summers	Raza_Longknife
Rachel_Summers	Sabretooth_(character)
Rachel_Summers	Spider-Girl
Rachel_Summers	Spider-Man
Rachel_Summers	Storm_(Marvel_Comics)
Rachel_Summers	Vulcan_(Marvel_Comics)
Rachel_Summers	Wolverine_(character)
Radian_(Morituri)	Blackthorn_(character)
Radian_(Morituri)	Scaredycat
Radian_(Morituri)	Shear_(character)
Radian_(Morituri)	Snapdragon_(Morituri)
Radian_(Morituri)	Toxyn
Radian_(Morituri)	Vyking
Radioactive_Man_(comics)	Batroc_the_Leaper
Radioactive_Man_(comics)	Black_Knight_(Marvel_Comics)
Radioactive_Man_(comics)	Black_Panther_(character)
Radioactive_Man_(comics)	Eddie_Brock
Radioactive_Man_(comics)	Egghead_(Marvel_Comics)
Radioactive_Man_(comics)	Franklin_Richards_(character)
Radioactive_Man_(comics)	Hank_Pym
Radioactive_Man_(comics)	Iron_Monger
Radioactive_Man_(comics)	Karla_Sofen
Radioactive_Man_(comics)	Moon_Knight
Radioactive_Man_(comics)	Norman_Osborn
Radioactive_Man_(comics)	Shuri_(character)
Radioactive_Man_(comics)	Spider-Man
Radioactive_Man_(comics)	Ultron
Ragnarok_(comics)	Baron_Von_Blitzschlag
Ragnarok_(comics)	Bill_Foster_(character)
Ragnarok_(comics)	Hank_Pym
Ragnarok_(comics)	Hercules_(Marvel_Comics)
Ragnarok_(comics)	Iron_Fist_(character)
Ragnarok_(comics)	Karla_Sofen
Ragnarok_(comics)	Norman_Osborn
Rampage_(Marvel_Comics)	G._W._Bridge
Rampage_(Marvel_Comics)	Shockwave_(comics)
Rampage_(Marvel_Comics)	Spider-Man
Rampage_(Marvel_Comics)	Wrecker_(comics)
Rapido_(comics)	Batroc_the_Leaper
Rapido_(comics)	Black_Widow_(Natasha_Romanova)
Ravage_2099	Doom_2099
Ravage_2099	Spider-Man
Raza_Longknife	Ch'od
Raza_Longknife	Deathbird
Raza_Longknife	Hercules_(Marvel_Comics)
Raza_Longknife	Nova_(Richard_Rider)
Raza_Longknife	Rachel_Summers
Raza_Longknife	Vulcan_(Marvel_Comics)
Red_Guardian	Black_Widow_(Natasha_Romanova)
Red_Guardian	Hulk
Red_Guardian	Ronin_(Marvel_Comics)
Red_Hulk	Ego_the_Living_Planet
Red_Hulk	Hulk
Red_Hulk	Thunderbolt_Ross
Red_Raven_(Marvel_Comics)	Black_Bolt
Red_Raven_(Marvel_Comics)	Nova_(Richard_Rider)
Red_Raven_(Marvel_Comics)	Two-Gun_Kid
Red_Wolf_(comics)	Delroy_Garrett
Red_Wolf_(comics)	Doctor_Strange
Red_Wolf_(comics)	Firebird_(Marvel_Comics)
Red_Wolf_(comics)	Hercules_(Marvel_Comics)
Red_Wolf_(comics)	Hulk
Red_Wolf_(comics)	Kid_Colt
Red_Wolf_(comics)	Libra_(Marvel_Comics)
Red_Wolf_(comics)	Scarlet_Spider
Red_Wolf_(comics)	Super-Skrull
Red_Wolf_(comics)	Taurus_(Marvel_Comics)
Red_Wolf_(comics)	Two-Gun_Kid
Red_Wolf_(comics)	War_Machine
Redneck_(comics)	Turbo_(comics)
Redstone_(comics)	Hyperion_(character)
Redstone_(comics)	Nth_Man
Ricochet_(comics)	Black_Marvel
Ricochet_(comics)	Cyber_(Marvel_Comics)
Ricochet_(comics)	Hornet_(comics)
Ricochet_(comics)	Spider-Man
Ricochet_(comics)	Wolverine_(character)
Rikki_Barnes	Anya_Corazon
Rikki_Barnes	Bucky_(Marvel_Comics)
Rikki_Barnes	Flag-Smasher
Rikki_Barnes	Franklin_Richards_(character)
Rikki_Barnes	Maker_(character)
Rikki_Barnes	Molecule_Man
Rikki_Barnes	Nomad_(Marvel_Comics)
Rikki_Barnes	Peggy_Carter
Rikki_Barnes	Toro_(character)
Ringmaster_(comics)	Deathlok
Ringmaster_(comics)	Hulk
Ringmaster_(comics)	Human_Cannonball_(Marvel_Comics)
Ringmaster_(comics)	Missing_Link_(comics)
Ringmaster_(comics)	Moon_Knight
Ringmaster_(comics)	Princess_Python
Ringmaster_(comics)	Spider-Man
Ringmaster_(comics)	Spider-Woman_(Jessica_Drew)
Ringmaster_(comics)	Strongman_(character)
Robbie_Baldwin	Anya_Corazon
Robbie_Baldwin	Attuma
Robbie_Baldwin	Cloak_and_Dagger_(characters)
Robbie_Baldwin	Darkhawk
Robbie_Baldwin	Hank_Pym
Robbie_Baldwin	Hulk
Robbie_Baldwin	Karla_Sofen
Robbie_Baldwin	Lash_(comics)
Robbie_Baldwin	Norman_Osborn
Robbie_Baldwin	Nova_(Richard_Rider)
Robbie_Baldwin	Radioactive_Man_(comics)
Robbie_Baldwin	Sin_(Marvel_Comics)
Robbie_Baldwin	Spider-Girl
Robbie_Baldwin	Spider-Man
Robbie_Baldwin	Steel_Spider
Robbie_Baldwin	Timeslip_(comics)
Robbie_Baldwin	Vance_Astrovik
Robbie_Baldwin	Wolverine_(character)
Rocket_Raccoon	Ch'od
Rocket_Raccoon	Hercules_(Marvel_Comics)
Rocket_Raccoon	Hulk
Rocket_Raccoon	Quasar_(character)
Rocket_Raccoon	Ronan_the_Accuser
Rocket_Raccoon	Scarlet_Witch
Rocket_Raccoon	She-Hulk
Rocket_Raccoon	Star-Lord
Rocket_Raccoon	Vulcan_(Marvel_Comics)
Rockman_(character)	Black_Widow_(Natasha_Romanova)
Rockman_(character)	The_Witness_(character)
Rockslide_(character)	Anole_(character)
Rockslide_(character)	Emma_Frost
Rockslide_(character)	Glob_Herman
Rockslide_(character)	Hellion_(character)
Rockslide_(character)	Hulk
Rockslide_(character)	Phoenix_Force
Rockslide_(character)	Scarlet_Witch
Rom_the_Space_Knight	Beyonder
Rom_the_Space_Knight	Captain_Marvel_(Marvel_Comics)
Rom_the_Space_Knight	Genis-Vell
Rom_the_Space_Knight	Hulk
Rom_the_Space_Knight	Iron_Fist_(character)
Rom_the_Space_Knight	Luke_Cage
Rom_the_Space_Knight	Nova_(Richard_Rider)
Rom_the_Space_Knight	Storm_(Marvel_Comics)
Rom_the_Space_Knight	Torpedo_(Marvel_Comics)
Rom_the_Space_Knight	Ultron
Rom_the_Space_Knight	Wolverine_(character)
Romulus_(comics)	Cloak_and_Dagger_(characters)
Romulus_(comics)	Cyber_(Marvel_Comics)
Romulus_(comics)	Hercules_(Marvel_Comics)
Romulus_(comics)	Sabretooth_(character)
Romulus_(comics)	Wild_Child_(character)
Romulus_(comics)	Wolverine_(character)
Ronan_the_Accuser	Adam_Warlock
Ronan_the_Accuser	Black_Bolt
Ronan_the_Accuser	Ego_the_Living_Planet
Ronan_the_Accuser	Hank_Pym
Ronan_the_Accuser	Hulk
Ronan_the_Accuser	Ms._Marvel
Ronan_the_Accuser	Noh-Varr
Ronan_the_Accuser	Nova_(Richard_Rider)
Ronan_the_Accuser	Quasar_(character)
Ronan_the_Accuser	Rom_the_Space_Knight
Ronan_the_Accuser	Super-Skrull
Ronan_the_Accuser	Thanos
Ronan_the_Accuser	U.S._Agent
Ronin_(Marvel_Comics)	Black_Panther_(character)
Ronin_(Marvel_Comics)	Blade_(character)
Ronin_(Marvel_Comics)	Bullseye_(Marvel_Comics)
Ronin_(Marvel_Comics)	Moon_Knight
Ronin_(Marvel_Comics)	Red_Guardian
Ronin_(Marvel_Comics)	Spider-Man
Rose_(Marvel_Comics)	Hobgoblin_(Marvel_Comics)
Rose_(Marvel_Comics)	Ronin_(Marvel_Comics)
Rose_(Marvel_Comics)	Spider-Man
Ruby_Summers	Cyclops_(Marvel_Comics)
Ruby_Summers	Emma_Frost
Ruby_Summers	Maestro_(character)
Russian_(comics)	Spider-Man
Rusty_Collins	Cable_(character)
Rusty_Collins	Cyclops_(Marvel_Comics)
Rusty_Collins	Leech_(character)
Rusty_Collins	Purple_Man
Rusty_Collins	Selene_(comics)
Sabra_(character)	Arabian_Knight_(character)
Sabra_(character)	Black_Panther_(character)
Sabra_(character)	Cloak_and_Dagger_(characters)
Sabra_(character)	Doctor_Faustus_(character)
Sabra_(character)	Hulk
Sabra_(character)	Red_Guardian
Sabra_(character)	She-Hulk
Sabra_(character)	Spider-Man
Sabra_(character)	Union_Jack_(Joseph_Chapman)
Sabra_(character)	Vance_Astrovik
Sabretooth_(character)	Apocalypse_(character)
Sabretooth_(character)	Birdy_(character)
Sabretooth_(character)	Black_Cat_(Marvel_Comics)
Sabretooth_(character)	Cyclops_(Marvel_Comics)
Sabretooth_(character)	Emma_Frost
Sabretooth_(character)	Foreigner_(character)
Sabretooth_(character)	Hulk
Sabretooth_(character)	Iron_Fist_(character)
Sabretooth_(character)	Jubilee_(character)
Sabretooth_(character)	Luke_Cage
Sabretooth_(character)	Mister_Sinister
Sabretooth_(character)	Misty_Knight
Sabretooth_(character)	Oya_(comics)
Sabretooth_(character)	Romulus_(comics)
Sabretooth_(character)	Spider-Man
Sabretooth_(character)	Wendigo_(comics)
Sabretooth_(character)	Werewolf_by_Night
Sabretooth_(character)	Wolverine_(character)
Sagittarius_(comics)	Leo_(comics)
Sagittarius_(comics)	Libra_(Marvel_Comics)
Sagittarius_(comics)	Mockingbird_(Marvel_Comics)
Sagittarius_(comics)	Pisces_(character)
Sagittarius_(comics)	Quicksilver_(Marvel_Comics)
Sagittarius_(comics)	Scorpio_(Marvel_Comics)
Sagittarius_(comics)	Taurus_(Marvel_Comics)
Sagittarius_(comics)	Thanos
Sapphire_Styx	Betsy_Braddock
Sapphire_Styx	Jubilee_(character)
Sapphire_Styx	Wolverine_(character)
Sarnak_(comics)	Werewolf_by_Night
Satana_(Marvel_Comics)	Black_Cat_(Marvel_Comics)
Satana_(Marvel_Comics)	Deadpool
Satana_(Marvel_Comics)	Doctor_Druid
Satana_(Marvel_Comics)	Doctor_Strange
Satana_(Marvel_Comics)	Ghost_Rider
Satana_(Marvel_Comics)	Man-Thing
Satana_(Marvel_Comics)	Marduk_Kurios
Satana_(Marvel_Comics)	Spider-Man
Scarecrow_(Marvel_Comics)	Bushman_(character)
Scarecrow_(Marvel_Comics)	Eel_(Marvel_Comics)
Scarecrow_(Marvel_Comics)	Ghost_Rider_(Danny_Ketch)
Scarecrow_(Marvel_Comics)	Moon_Knight
Scarecrow_(Marvel_Comics)	Porcupine_(character)
Scarecrow_(Marvel_Comics)	Spider-Man
Scarecrow_(Marvel_Comics)	Will_o'_the_Wisp_(comics)
Scarecrow_(Marvel_Comics)	Wolverine_(character)
Scaredycat	Radian_(Morituri)
Scaredycat	Scatterbrain_(Morituri)
Scaredycat	Toxyn
Scarlet_Scarab	Human_Torch_(android)
Scarlet_Scarab	Living_Monolith
Scarlet_Scarab	Moon_Knight
Scarlet_Scarab	Shadow_Knight_(character)
Scarlet_Spider	Black_Cat_(Marvel_Comics)
Scarlet_Spider	Jackal_(Marvel_Comics_character)
Scarlet_Spider	Mayday_Parker
Scarlet_Spider	Spider-Man
Scarlet_Witch	Cyclops_(Marvel_Comics)
Scarlet_Witch	Doctor_Strange
Scarlet_Witch	Franklin_Richards_(character)
Scarlet_Witch	Human_Torch_(android)
Scarlet_Witch	Isbisa
Scarlet_Witch	Jericho_Drumm
Scarlet_Witch	Ms._Marvel
Scarlet_Witch	Phoenix_Force
Scarlet_Witch	Quicksilver_(Marvel_Comics)
Scarlet_Witch	She-Hulk
Scarlet_Witch	Speed_(character)
Scarlet_Witch	Spider-Man
Scarlet_Witch	Spider-Woman_(Jessica_Drew)
Scarlet_Witch	Thanos
Scarlet_Witch	Ultron
Scarlet_Witch	Whizzer_(Robert_Frank)
Scarlet_Witch	Wolverine_(character)
Scatterbrain_(Morituri)	Scaredycat
Scatterbrain_(Morituri)	Toxyn
Scientist_Supreme	Doctor_Strange
Scientist_Supreme	Emma_Frost
Scientist_Supreme	Hate-Monger
Scientist_Supreme	Hulk
Scientist_Supreme	Mentallo
Scientist_Supreme	Yelena_Belova
Scorpio_(Marvel_Comics)	Malcolm_Colcord
Scorpio_(Marvel_Comics)	Norman_Osborn
Scorpio_(Marvel_Comics)	Spider-Man
Scorpio_(Marvel_Comics)	Taurus_(Marvel_Comics)
Scorpio_(Marvel_Comics)	Thanos
Scorpio_(Marvel_Comics)	Wolverine_(character)
Screwball_(character)	Spider-Man
Screwball_(character)	Spider-Woman_(Jessica_Drew)
Selene_(comics)	Baron_Strucker
Selene_(comics)	Cable_(character)
Selene_(comics)	Doctor_Strange
Selene_(comics)	Emma_Frost
Selene_(comics)	Jean_Grey
Selene_(comics)	Kulan_Gath
Selene_(comics)	Rachel_Summers
Selene_(comics)	Thunderbolt_Ross
Sentry_(Curtis_Elkins)	Spider-Man
Sentry_(Curtis_Elkins)	Venom_(character)
Sentry_(Robert_Reynolds)	Ares_(Marvel_Comics)
Sentry_(Robert_Reynolds)	Bullseye_(Marvel_Comics)
Sentry_(Robert_Reynolds)	Doctor_Strange
Sentry_(Robert_Reynolds)	Emma_Frost
Sentry_(Robert_Reynolds)	Hulk
Sentry_(Robert_Reynolds)	Misty_Knight
Sentry_(Robert_Reynolds)	Norman_Osborn
Sentry_(Robert_Reynolds)	Spider-Man
Sentry_(Robert_Reynolds)	Ultron
Shadow_Knight_(character)	Black_Spectre
Shadow_Knight_(character)	Moon_Knight
Shadow_Knight_(character)	Profile_(Marvel_Comics)
Shadow_Knight_(character)	Taurus_(Marvel_Comics)
Shamrock_(comics)	Arabian_Knight_(character)
Shamrock_(comics)	Black_Panther_(character)
Shamrock_(comics)	Deadpool
Shamrock_(comics)	Doctor_Druid
Shamrock_(comics)	Iron_Fist_(character)
Shamrock_(comics)	Rom_the_Space_Knight
Shamrock_(comics)	Sabra_(character)
Shamrock_(comics)	Storm_(Marvel_Comics)
Shang-Chi	Ares_(Marvel_Comics)
Shang-Chi	Black_Jack_Tarr
Shang-Chi	Black_Panther_(character)
Shang-Chi	Doctor_Strange
Shang-Chi	Hank_Pym
Shang-Chi	Iron_Fist_(character)
Shang-Chi	Misty_Knight
Shang-Chi	Moon_Knight
Shang-Chi	Shockwave_(comics)
Shang-Chi	Silk_(character)
Shang-Chi	Spider-Man
Shang-Chi	Tarantula_(Marvel_Comics)
Shang-Chi	Zheng_Zu
Shatterstar	Cable_(character)
Shatterstar	Hrimhari
Shatterstar	Mojo_(comics)
Shatterstar	Rachel_Summers
She-Hulk	Abomination_(character)
She-Hulk	Absorbing_Man
She-Hulk	Awesome_Android
She-Hulk	Beyonder
She-Hulk	Champion_of_the_Universe
She-Hulk	Deadpool
She-Hulk	Doctor_Strange
She-Hulk	Hercules_(Marvel_Comics)
She-Hulk	Hulk
She-Hulk	John_Jameson_(character)
She-Hulk	Leader_(character)
She-Hulk	Luke_Cage
She-Hulk	Maestro_(character)
She-Hulk	Man-Thing
She-Hulk	Morbius
She-Hulk	Patsy_Walker
She-Hulk	Ravage_2099
She-Hulk	Scarlet_Witch
She-Hulk	Sentry_(Robert_Reynolds)
She-Hulk	She-Hulk_(Lyra)
She-Hulk	Spider-Man
She-Hulk	Spider-Woman
She-Hulk	Thanos
She-Hulk	Thunderbolt_Ross
She-Hulk	Wendigo_(comics)
She-Hulk	Wolverine_(character)
She-Hulk_(Lyra)	Hulk
She-Hulk_(Lyra)	Norman_Osborn
She-Hulk_(Lyra)	Sentry_(Robert_Reynolds)
She-Hulk_(Lyra)	She-Hulk
She-Hulk_(Lyra)	Spider-Man
She-Hulk_(Lyra)	Thunderbolt_Ross
She-Hulk_(Lyra)	Venom_(character)
She-Hulk_(Lyra)	Wolverine_(character)
Shear_(character)	Backhand_(character)
Shear_(character)	Radian_(Morituri)
Shockwave_(comics)	Black_Jack_Tarr
Shockwave_(comics)	Guardsman_(character)
Shockwave_(comics)	Iron_Monger
Shockwave_(comics)	Shang-Chi
Shockwave_(comics)	Union_Jack_(Marvel_Comics)
Shockwave_(comics)	Zheng_Zu
Shriek_(character)	Anne_Weying
Shriek_(character)	Carrion_(comics)
Shriek_(character)	Cloak_and_Dagger_(characters)
Shriek_(character)	Deadpool
Shriek_(character)	Doppelganger_(Marvel_Comics)
Shriek_(character)	Janice_Lincoln
Shriek_(character)	Lizard_(character)
Shriek_(character)	Morbius
Shriek_(character)	Overdrive_(character)
Shriek_(character)	Spider-Man
Shriek_(character)	Venom_(character)
Shuri_(character)	Black_Knight_(Marvel_Comics)
Shuri_(character)	Black_Panther_(character)
Shuri_(character)	Black_Widow_(Natasha_Romanova)
Shuri_(character)	Hulk
Shuri_(character)	Luke_Cage
Shuri_(character)	Radioactive_Man_(comics)
Shuri_(character)	Spider-Man
Shuri_(character)	Storm_(Marvel_Comics)
Shuri_(character)	Tetu_(comics)
Shuri_(character)	Wolverine_(character)
Shuri_(character)	Zenzi_(comics)
Sidewinder_(character)	Cobra_(Marvel_Comics)
Sidewinder_(character)	Iron_Fist_(character)
Sidewinder_(character)	Nova_(Richard_Rider)
Silencer_(comics)	Mac_Gargan
Silencer_(comics)	Mockingbird_(Marvel_Comics)
Silencer_(comics)	She-Hulk
Silhouette_(comics)	Luke_Cage
Silhouette_(comics)	Spider-Man
Silk_(character)	Black_Cat_(Marvel_Comics)
Silk_(character)	Kingpin_(Matt_Murdock)
Silk_(character)	Phil_Urich
Silk_(character)	Spider-Man
Silk_(character)	Spider-Woman
Silvermane	Black_Cat_(Marvel_Comics)
Silvermane	Cloak_and_Dagger_(characters)
Silvermane	Farley_Stillwell
Silvermane	Green_Goblin
Silvermane	Lizard_(character)
Silvermane	Mister_Negative
Silvermane	Mysterio
Silvermane	Spider-Man
Silvermane	Spider-Man_Noir
Silvermane	Tombstone_(character)
Silvermane	Turbo_(comics)
Sin_(Marvel_Comics)	Black_Widow_(Natasha_Romanova)
Sin_(Marvel_Comics)	Dracula_(Marvel_Comics)
Sin_(Marvel_Comics)	Master_Man_(Marvel_Comics)
Sin_(Marvel_Comics)	Mysterio
Sin_(Marvel_Comics)	Norman_Osborn
Sin_(Marvel_Comics)	Shang-Chi
Skull_the_Slayer	Blazing_Skull
Skull_the_Slayer	Doctor_Druid
Skull_the_Slayer	Quasar_(character)
Slaymaster	Betsy_Braddock
Slaymaster	Brian_Braddock
Slaymaster	Deadpool
Sleeper_(Marvel_Comics)	Eddie_Brock
Sleeper_(Marvel_Comics)	Mac_Gargan
Sleeper_(Marvel_Comics)	Selene_(comics)
Sleeper_(Marvel_Comics)	Spider-Woman_(Jessica_Drew)
Snapdragon_(Morituri)	Blackthorn_(character)
Snapdragon_(Morituri)	Radian_(Morituri)
Snapdragon_(Morituri)	Vyking
Solo_(Marvel_Comics)	Battlestar_(character)
Solo_(Marvel_Comics)	Bullseye_(Marvel_Comics)
Solo_(Marvel_Comics)	Cable_(character)
Solo_(Marvel_Comics)	Deadpool
Solo_(Marvel_Comics)	Deathlok
Solo_(Marvel_Comics)	G._W._Bridge
Solo_(Marvel_Comics)	Gauntlet_(Joseph_Green)
Solo_(Marvel_Comics)	Ghost_Rider_(Danny_Ketch)
Solo_(Marvel_Comics)	Hulk
Solo_(Marvel_Comics)	Mysterio
Solo_(Marvel_Comics)	Nova_(Richard_Rider)
Solo_(Marvel_Comics)	Typeface_(character)
Solo_(Marvel_Comics)	War_Machine
Solo_(Marvel_Comics)	Wolverine_(character)
Solomon_Kane_(comics)	Moon_Knight
Speed_(character)	Doctor_Strange
Speed_(character)	Franklin_Richards_(character)
Speed_(character)	Hulkling
Speed_(character)	Iron_Lad
Speed_(character)	Master_Pandemonium
Speed_(character)	Norman_Osborn
Speed_(character)	Quicksilver_(Marvel_Comics)
Speed_(character)	Scarlet_Witch
Speed_(character)	Super-Skrull
Speed_(character)	Ultron
Sphinx_(Marvel_Comics)	Black_Bolt
Sphinx_(Marvel_Comics)	Diamondhead_(comics)
Sphinx_(Marvel_Comics)	Nova_(Richard_Rider)
Sphinx_(Marvel_Comics)	Powerhouse_(Marvel_Comics)
Sphinx_(Marvel_Comics)	Puppet_Master_(Marvel_Comics)
Spider-Bitch_(Ashley_Barton)	Bullseye_(Marvel_Comics)
Spider-Bitch_(Ashley_Barton)	Captain_Universe
Spider-Bitch_(Ashley_Barton)	Deadpool
Spider-Bitch_(Ashley_Barton)	Fin_Fang_Foom
Spider-Bitch_(Ashley_Barton)	Green_Goblin
Spider-Bitch_(Ashley_Barton)	Hulk
Spider-Bitch_(Ashley_Barton)	John_Jameson_(character)
Spider-Bitch_(Ashley_Barton)	Mayday_Parker
Spider-Bitch_(Ashley_Barton)	Mockingbird_(Marvel_Comics)
Spider-Bitch_(Ashley_Barton)	Ringmaster_(comics)
Spider-Bitch_(Ashley_Barton)	Rocket_Raccoon
Spider-Bitch_(Ashley_Barton)	Spider-Man
Spider-Bitch_(Ashley_Barton)	Spider-Woman
Spider-Bitch_(Ashley_Barton)	Spider-Woman_(Gwen_Stacy)
Spider-Bitch_(Ashley_Barton)	Spider-Woman_(Jessica_Drew)
Spider-Bitch_(Ashley_Barton)	Star-Lord
Spider-Bitch_(Ashley_Barton)	Tempus_(comics)
Spider-Bitch_(Ashley_Barton)	Ultron
Spider-Bitch_(Ashley_Barton)	Venom_(character)
Spider-Bitch_(Ashley_Barton)	Wolverine_(character)
Spider-Girl	Anya_Corazon
Spider-Girl	Black_Cat_(Marvel_Comics)
Spider-Girl	Bullseye_(Marvel_Comics)
Spider-Girl	Cyclops_(Marvel_Comics)
Spider-Girl	Green_Goblin
Spider-Girl	Iron_Man_2020
Spider-Girl	Jackal_(Marvel_Comics_character)
Spider-Girl	Jessica_Jones
Spider-Girl	John_Jameson_(character)
Spider-Girl	Maestro_(character)
Spider-Girl	Mayday_Parker
Spider-Girl	Mister_Sinister
Spider-Girl	Silk_(character)
Spider-Girl	Spider-Bitch_(Ashley_Barton)
Spider-Girl	Spider-Man
Spider-Girl	Spider-Woman
Spider-Girl	Spider-Woman_(Gwen_Stacy)
Spider-Girl	Ultron
Spider-Man	Black_Cat_(Marvel_Comics)
Spider-Man	Green_Goblin
Spider-Man	Hulk
Spider-Man	Human_Torch
Spider-Man	Jackal_(Marvel_Comics_character)
Spider-Man	Lizard_(character)
Spider-Man	Mayday_Parker
Spider-Man	Mysterio
Spider-Man	Norman_Osborn
Spider-Man	Scarlet_Spider
Spider-Man	Silk_(character)
Spider-Man	Spider-Man_Noir
Spider-Man	Spider-UK
Spider-Man	Spider-Woman_(Gwen_Stacy)
Spider-Man	Venom_(character)
Spider-Man_(Marvel_Mangaverse)	Black_Cat_(Marvel_Comics)
Spider-Man_(Marvel_Mangaverse)	Green_Goblin
Spider-Man_(Marvel_Mangaverse)	Norman_Osborn
Spider-Man_(Marvel_Mangaverse)	Spider-Man
Spider-Man_(Marvel_Mangaverse)	Venom_(character)
Spider-Man_Noir	Black_Cat_(Marvel_Comics)
Spider-Man_Noir	Black_Widow_(Natasha_Romanova)
Spider-Man_Noir	Green_Goblin
Spider-Man_Noir	Lizard_(character)
Spider-Man_Noir	Mysterio
Spider-Man_Noir	Norman_Osborn
Spider-Man_Noir	Shuri_(character)
Spider-Man_Noir	Silvermane
Spider-Man_Noir	Spider-Man
Spider-Man_Noir	Spider-Woman_(Gwen_Stacy)
Spider-UK	Anya_Corazon
Spider-UK	Captain_Universe
Spider-UK	Mac_Gargan
Spider-UK	Mayday_Parker
Spider-UK	Norman_Osborn
Spider-UK	Silk_(character)
Spider-UK	Spider-Man
Spider-UK	Spider-Man_Noir
Spider-UK	Spider-Woman_(Gwen_Stacy)
Spider-UK	Spider-Woman_(Jessica_Drew)
Spider-Woman	Anne_Weying
Spider-Woman	Anya_Corazon
Spider-Woman	Black_Widow_(Natasha_Romanova)
Spider-Woman	Luke_Cage
Spider-Woman	Mayday_Parker
Spider-Woman	Psycho-Man
Spider-Woman	Silk_(character)
Spider-Woman	Spider-Bitch_(Ashley_Barton)
Spider-Woman	Spider-Man
Spider-Woman	Spider-Woman_(Gwen_Stacy)
Spider-Woman	Spider-Woman_(Jessica_Drew)
Spider-Woman	Star-Lord
Spider-Woman	Super-Skrull
Spider-Woman	Yelena_Belova
Spider-Woman_(Gwen_Stacy)	Anya_Corazon
Spider-Woman_(Gwen_Stacy)	Black_Cat_(Marvel_Comics)
Spider-Woman_(Gwen_Stacy)	Ghost_Rider
Spider-Woman_(Gwen_Stacy)	Green_Goblin
Spider-Woman_(Gwen_Stacy)	Gwenpool
Spider-Woman_(Gwen_Stacy)	Human_Torch
Spider-Woman_(Gwen_Stacy)	John_Jameson_(character)
Spider-Woman_(Gwen_Stacy)	Kingpin_(Matt_Murdock)
Spider-Woman_(Gwen_Stacy)	Lizard_(character)
Spider-Woman_(Gwen_Stacy)	Mayday_Parker
Spider-Woman_(Gwen_Stacy)	Peggy_Carter
Spider-Woman_(Gwen_Stacy)	Silk_(character)
Spider-Woman_(Gwen_Stacy)	Spider-Man
Spider-Woman_(Gwen_Stacy)	Spider-Man_Noir
Spider-Woman_(Gwen_Stacy)	Spider-Woman
Spider-Woman_(Gwen_Stacy)	Spider-Woman_(Jessica_Drew)
Spider-Woman_(Gwen_Stacy)	Super-Adaptoid
Spider-Woman_(Gwen_Stacy)	Venom_(character)
Spider-Woman_(Jessica_Drew)	Bill_Foster_(character)
Spider-Woman_(Jessica_Drew)	Black_Widow_(Natasha_Romanova)
Spider-Woman_(Jessica_Drew)	Doctor_Strange
Spider-Woman_(Jessica_Drew)	Hobgoblin_(Marvel_Comics)
Spider-Woman_(Jessica_Drew)	Hornet_(comics)
Spider-Woman_(Jessica_Drew)	Hulk
Spider-Woman_(Jessica_Drew)	Jackal_(Marvel_Comics_character)
Spider-Woman_(Jessica_Drew)	Jessica_Jones
Spider-Woman_(Jessica_Drew)	Luke_Cage
Spider-Woman_(Jessica_Drew)	Porcupine_(character)
Spider-Woman_(Jessica_Drew)	Silk_(character)
Spider-Woman_(Jessica_Drew)	Spider-Woman
Spider-Woman_(Jessica_Drew)	Spider-Woman_(Gwen_Stacy)
Spider-Woman_(Jessica_Drew)	Thunderbolt_Ross
Spider-Woman_(Jessica_Drew)	Wolverine_(character)
Spitfire_(character)	Baron_Strucker
Spitfire_(character)	Blade_(character)
Spitfire_(character)	Blue_Bullet
Spitfire_(character)	Dracula_(Marvel_Comics)
Spitfire_(character)	Human_Torch_(android)
Spitfire_(character)	Master_Man_(Marvel_Comics)
Spitfire_(character)	Selene_(comics)
Spitfire_(character)	Super-Skrull
Spitfire_(character)	Union_Jack_(Joseph_Chapman)
Spitfire_(character)	Union_Jack_(Marvel_Comics)
Spitfire_(character)	Warrior_Woman_(Marvel_Comics)
Spot_(Marvel_Comics)	Beyonder
Spot_(Marvel_Comics)	Black_Cat_(Marvel_Comics)
Spot_(Marvel_Comics)	Cloak_and_Dagger_(characters)
Spot_(Marvel_Comics)	Grizzly_(comics)
Spot_(Marvel_Comics)	Hobgoblin_(Marvel_Comics)
Spot_(Marvel_Comics)	Jessica_Jones
Spot_(Marvel_Comics)	Kangaroo_(character)
Spot_(Marvel_Comics)	Mister_Negative
Spot_(Marvel_Comics)	Norman_Osborn
Spot_(Marvel_Comics)	Spider-Man
Spot_(Marvel_Comics)	Tombstone_(character)
Spot_(Marvel_Comics)	Venom_(character)
Spot_(Marvel_Comics)	Wolverine_(character)
Star-Lord	Bug_(Marvel_Comics)
Star-Lord	Champion_of_the_Universe
Star-Lord	Doctor_Strange
Star-Lord	Ego_the_Living_Planet
Star-Lord	Hank_Pym
Star-Lord	Jean_Grey
Star-Lord	Moondragon
Star-Lord	Nova_(Richard_Rider)
Star-Lord	Phyla-Vell
Star-Lord	Rocket_Raccoon
Star-Lord	Ronan_the_Accuser
Star-Lord	Spider-Man
Star-Lord	Thanos
Star-Lord	Ultron
Star-Lord	Wolverine_(character)
Star_Brand	Black_Panther_(character)
Star_Brand	Doctor_Spectrum
Star_Brand	Ghost_Rider
Star_Brand	Iron_Fist_(character)
Star_Brand	Phoenix_Force
Star_Brand	Quasar_(character)
Star_Brand	Rocket_Raccoon
Starhawk_(character)	Black_Bolt
Starhawk_(character)	Kismet_(Marvel_Comics)
Starhawk_(character)	Moondragon
Starhawk_(character)	Quasar_(character)
Starhawk_(character)	Star-Lord
Starr_the_Slayer	Justice_(New_Universe)
Starr_the_Slayer	Nightmask
Starr_the_Slayer	Star_Brand
Steel_Serpent	Crane_Mother
Steel_Serpent	Iron_Fist_(character)
Steel_Serpent	Karnak_(character)
Steel_Serpent	Lei_Kung_(character)
Steel_Serpent	Spider-Man
Steel_Spider	Frog-Man
Steel_Spider	Hobgoblin_(Marvel_Comics)
Steel_Spider	Mac_Gargan
Steel_Spider	Mayday_Parker
Steel_Spider	Norman_Osborn
Steel_Spider	Spider-Man
Stiletto_(comics)	Bill_Foster_(character)
Stiletto_(comics)	Black_Panther_(character)
Stiletto_(comics)	Eel_(Marvel_Comics)
Stiletto_(comics)	Iron_Fist_(character)
Stiletto_(comics)	Luke_Cage
Stiletto_(comics)	Man_Mountain_Marko
Stiletto_(comics)	Misty_Knight
Stingray_(Marvel_Comics)	Attuma
Stingray_(Marvel_Comics)	Deadpool
Stingray_(Marvel_Comics)	Gorgon_(Inhuman)
Stingray_(Marvel_Comics)	Hulk
Stingray_(Marvel_Comics)	Iron_Man_2020
Stingray_(Marvel_Comics)	Karnak_(character)
Stingray_(Marvel_Comics)	Llyra
Stingray_(Marvel_Comics)	Plunderer_(comics)
Stingray_(Marvel_Comics)	Quasar_(character)
Stingray_(Marvel_Comics)	Scarlet_Witch
Stingray_(Marvel_Comics)	Tiger_Shark_(Marvel_Comics)
Stonewall_(comics)	Absorbing_Man
Stonewall_(comics)	Cable_(character)
Stonewall_(comics)	Selene_(comics)
Stonewall_(comics)	Storm_(Marvel_Comics)
Stonewall_(comics)	Wolverine_(character)
Storm_(Marvel_Comics)	Black_Cat_(Marvel_Comics)
Storm_(Marvel_Comics)	Black_Panther_(character)
Storm_(Marvel_Comics)	Blade_(character)
Storm_(Marvel_Comics)	Cyclops_(Marvel_Comics)
Storm_(Marvel_Comics)	Danger_Room
Storm_(Marvel_Comics)	Doctor_Strange
Storm_(Marvel_Comics)	Dracula_(Marvel_Comics)
Storm_(Marvel_Comics)	Emma_Frost
Storm_(Marvel_Comics)	Jean_Grey
Storm_(Marvel_Comics)	Jubilee_(character)
Storm_(Marvel_Comics)	Luke_Cage
Storm_(Marvel_Comics)	Master_Mold
Storm_(Marvel_Comics)	Mikhail_Rasputin
Storm_(Marvel_Comics)	Misty_Knight
Storm_(Marvel_Comics)	Nanny_and_Orphan-Maker
Storm_(Marvel_Comics)	Phoenix_Force
Storm_(Marvel_Comics)	Prowler_(Marvel_Comics)
Storm_(Marvel_Comics)	Puck_(Marvel_Comics)
Storm_(Marvel_Comics)	Pyro_(Marvel_Comics)
Storm_(Marvel_Comics)	Rachel_Summers
Storm_(Marvel_Comics)	Scarlet_Witch
Storm_(Marvel_Comics)	Spider-Man
Storm_(Marvel_Comics)	Wolverine_(character)
Straw_Man_(comics)	Doctor_Strange
Straw_Man_(comics)	Dweller-in-Darkness
Straw_Man_(comics)	Scarecrow_(Marvel_Comics)
Straw_Man_(comics)	Werewolf_by_Night
Strongman_(character)	Bill_Foster_(character)
Strongman_(character)	Hulk
Strongman_(character)	Luke_Cage
Strongman_(character)	Quicksilver_(Marvel_Comics)
Strongman_(character)	Ringmaster_(comics)
Strongman_(character)	Scarlet_Witch
Strongman_(character)	Spider-Man
Super-Adaptoid	Adam_Warlock
Super-Adaptoid	Black_Widow_(Natasha_Romanova)
Super-Adaptoid	Blastaar
Super-Adaptoid	Cyclops_(Marvel_Comics)
Super-Adaptoid	Dreadknight
Super-Adaptoid	Green_Goblin
Super-Adaptoid	Hank_Pym
Super-Adaptoid	Hercules_(Marvel_Comics)
Super-Adaptoid	Mister_Hyde_(Marvel_Comics)
Super-Adaptoid	Moondragon
Super-Adaptoid	Norman_Osborn
Super-Adaptoid	Phyla-Vell
Super-Adaptoid	Quasar_(character)
Super-Adaptoid	Scientist_Supreme
Super-Adaptoid	Sentry_(Robert_Reynolds)
Super-Adaptoid	Spider-Man
Super-Adaptoid	Ultron
Super-Adaptoid	Yelena_Belova
Super-Patriot_(Marvel_Comics)	U.S._Agent
Super-Skrull	Hulkling
Super-Skrull	Human_Torch
Super-Skrull	Iron_Fist_(character)
Super-Skrull	Luke_Cage
Super-Skrull	Master_Khan
Super-Skrull	Quicksilver_(Marvel_Comics)
Super-Skrull	Scarlet_Witch
Super-Skrull	She-Hulk
Super-Skrull	Spider-Man
Super-Skrull	Thanos
Super-Skrull	War_Machine
Surge_(Marvel_Comics)	Cyclops_(Marvel_Comics)
Surge_(Marvel_Comics)	Wolverine_(character)
T-Ray_(comics)	Agent_X_(Marvel_Comics)
T-Ray_(comics)	Bob,_Agent_of_Hydra
T-Ray_(comics)	Cable_(character)
T-Ray_(comics)	Deadpool
T-Ray_(comics)	Doctor_Strange
T-Ray_(comics)	Thanos
Talos_the_Untamed	Devos_the_Devastator
Talos_the_Untamed	Hulk
Talos_the_Untamed	Nova_(Richard_Rider)
Talos_the_Untamed	Star-Lord
Tarantula_(Marvel_Comics)	Agent_X_(Marvel_Comics)
Tarantula_(Marvel_Comics)	Black_Cat_(Marvel_Comics)
Tarantula_(Marvel_Comics)	Devil_Dinosaur
Tarantula_(Marvel_Comics)	Misty_Knight
Tarantula_(Marvel_Comics)	Mockingbird_(Marvel_Comics)
Tarantula_(Marvel_Comics)	Mysterio
Tarantula_(Marvel_Comics)	Norman_Osborn
Tarantula_(Marvel_Comics)	Outlaw_(Marvel_Comics)
Tarantula_(Marvel_Comics)	Spider-Man
Tarantula_(Marvel_Comics)	U.S._Agent
Tarantula_(Marvel_Comics)	Will_o'_the_Wisp_(comics)
Tatterdemalion	Black_Talon_(comics)
Tatterdemalion	Ghost_Rider_(Johnny_Blaze)
Tatterdemalion	Locksmith_(comics)
Tatterdemalion	Moon_Knight
Tatterdemalion	Power_Broker_(character)
Tatterdemalion	Spider-Man
Tatterdemalion	Spider-Woman_(Jessica_Drew)
Tatterdemalion	Werewolf_by_Night
Tatterdemalion	Zombie_(comics)
Taurus_(Marvel_Comics)	Aries_(character)
Taurus_(Marvel_Comics)	Moon_Knight
Taurus_(Marvel_Comics)	Quicksilver_(Marvel_Comics)
Taurus_(Marvel_Comics)	Scorpio_(Marvel_Comics)
Taurus_(Marvel_Comics)	Thanos
Taurus_(Marvel_Comics)	War_Machine
Technovore	Adam_Warlock
Technovore	Iron_Monger
Technovore	Lizard_(character)
Technovore	Spider-Man
Tempus_(comics)	Cyclops_(Marvel_Comics)
Tempus_(comics)	Phoenix_Force
Tetu_(comics)	Black_Panther_(character)
Tetu_(comics)	Zenzi_(comics)
Thanos	Adam_Warlock
Thanos	Beyonder
Thanos	Black_Bolt
Thanos	Black_Panther_(character)
Thanos	Blue_Marvel
Thanos	Champion_of_the_Universe
Thanos	Deadpool
Thanos	Doctor_Spectrum
Thanos	Doctor_Strange
Thanos	Genis-Vell
Thanos	Gladiator_(Kallark)
Thanos	Moondragon
Thanos	Nova_(Richard_Rider)
Thanos	Ronan_the_Accuser
Thanos	She-Hulk
Thanos	Star-Lord
Thanos	Ultron
Thanos	War_Machine
The_Union_(Marvel)	Union_Jack_(Joseph_Chapman)
The_Union_(Marvel)	Union_Jack_(Marvel_Comics)
Thena	Kro_(character)
Thena	Makkari_(character)
Thermo_(comics)	Paladin_(comics)
Thermo_(comics)	Spider-Man
Thin_Man_(character)	Jeffrey_Mace
Thin_Man_(character)	Master_Man_(Marvel_Comics)
Thin_Man_(character)	U-Man
Thor_Girl	Delroy_Garrett
Thor_Girl	Desak
Thor_Girl	Hulk
Thor_Girl	Thanos
Thunderball_(character)	Bulldozer_(character)
Thunderball_(character)	Hulk
Thunderball_(character)	Piledriver_(character)
Thunderball_(character)	Wrecker_(comics)
Thunderbolt_(Marvel_Comics)	Iron_Fist_(character)
Thunderbolt_(Marvel_Comics)	Luke_Cage
Thunderbolt_(Marvel_Comics)	Whiplash_(Marvel_Comics)
Thunderbolt_Ross	Abomination_(character)
Thunderbolt_Ross	Apocalypse_(character)
Thunderbolt_Ross	Cable_(character)
Thunderbolt_Ross	Deathlok
Thunderbolt_Ross	Doctor_Strange
Thunderbolt_Ross	Franklin_Richards_(character)
Thunderbolt_Ross	Glenn_Talbot
Thunderbolt_Ross	Hulk
Thunderbolt_Ross	John_Ryker
Thunderbolt_Ross	Leader_(character)
Thunderbolt_Ross	Psycho-Man
Thunderbolt_Ross	Red_Hulk
Thunderbolt_Ross	She-Hulk
Thunderbolt_Ross	Spider-Man
Thunderbolt_Ross	Tiger_Shark_(Marvel_Comics)
Thunderbolt_Ross	Wendigo_(comics)
Thunderbolt_Ross	Zzzax
Thunderclap_(comics)	Spider-Man
Tiger_Shark_(Marvel_Comics)	Apocalypse_(character)
Tiger_Shark_(Marvel_Comics)	Attuma
Tiger_Shark_(Marvel_Comics)	Egghead_(Marvel_Comics)
Tiger_Shark_(Marvel_Comics)	Hank_Pym
Tiger_Shark_(Marvel_Comics)	Hulk
Tiger_Shark_(Marvel_Comics)	Human_Torch
Tiger_Shark_(Marvel_Comics)	Lemuel_Dorcas
Tiger_Shark_(Marvel_Comics)	Llyra
Tiger_Shark_(Marvel_Comics)	Mister_Sinister
Tiger_Shark_(Marvel_Comics)	Ms._Marvel
Tiger_Shark_(Marvel_Comics)	Patsy_Walker
Tiger_Shark_(Marvel_Comics)	She-Hulk
Tiger_Shark_(Marvel_Comics)	Stingray_(Marvel_Comics)
Tiger_Shark_(Marvel_Comics)	Super-Skrull
Timeslip_(comics)	Robbie_Baldwin
Timeslip_(comics)	She-Hulk
Timeslip_(comics)	Sphinx_(Marvel_Comics)
Tinkerer_(Marvel_Comics)	Cyber_(Marvel_Comics)
Tinkerer_(Marvel_Comics)	Franklin_Richards_(character)
Tinkerer_(Marvel_Comics)	Human_Torch
Tinkerer_(Marvel_Comics)	Luke_Cage
Tinkerer_(Marvel_Comics)	Norman_Osborn
Tinkerer_(Marvel_Comics)	Prowler_(Marvel_Comics)
Tinkerer_(Marvel_Comics)	Spider-Man
Tombstone_(character)	Alex_Wilder
Tombstone_(character)	Black_Talon_(comics)
Tombstone_(character)	Janice_Lincoln
Tombstone_(character)	Jason_Macendale
Tombstone_(character)	Luke_Cage
Tombstone_(character)	Mac_Gargan
Tombstone_(character)	Mister_Negative
Tombstone_(character)	Mr._Fish
Tombstone_(character)	Norman_Osborn
Tombstone_(character)	She-Hulk
Tombstone_(character)	Silvermane
Tombstone_(character)	Spider-Man
Toro_(character)	Bucky_(Marvel_Comics)
Toro_(character)	Doctor_Strange
Toro_(character)	Hulk
Toro_(character)	Human_Torch_(android)
Toro_(character)	Maestro_(character)
Torpedo_(Marvel_Comics)	Rom_the_Space_Knight
Torpedo_(Marvel_Comics)	Turbo_(comics)
Toxyn	Scaredycat
Toxyn	Scatterbrain_(Morituri)
Tracer_(Marvel_Comics)	Spider-Man
Tricephalous_(comics)	Giganto
Tricephalous_(comics)	Hank_Pym
Tricephalous_(comics)	Kro_(character)
Tricephalous_(comics)	Mole_Man
Tricephalous_(comics)	Super-Skrull
Tumbler_(comics)	Hobgoblin_(Marvel_Comics)
Tumbler_(comics)	Lloyd_Bloch
Tumbler_(comics)	Super-Adaptoid
Tundra_(Marvel_Comics)	Guardian_(Marvel_Comics)
Tundra_(Marvel_Comics)	Northstar_(character)
Turbo_(comics)	Nova_(Richard_Rider)
Turbo_(comics)	Phil_Urich
Turbo_(comics)	Rom_the_Space_Knight
Turbo_(comics)	Silvermane
Turbo_(comics)	Torpedo_(Marvel_Comics)
Two-Gun_Kid	Awesome_Android
Two-Gun_Kid	Black_Rider_(character)
Two-Gun_Kid	Bushwacker_(comics)
Two-Gun_Kid	Kid_Colt
Two-Gun_Kid	She-Hulk
Two-Gun_Kid	Tarantula_(Marvel_Comics)
Typeface_(character)	Deadpool
Typeface_(character)	Mac_Gargan
Typeface_(character)	Robbie_Baldwin
Typeface_(character)	Spider-Man
Typhon_(comics)	Black_Widow_(Natasha_Romanova)
Typhon_(comics)	Hercules_(Marvel_Comics)
U-Man	Attuma
U-Man	Brain_Drain_(character)
U-Man	Master_Man_(Marvel_Comics)
U.S._Agent	Battlestar_(character)
U.S._Agent	Beta_Ray_Bill
U.S._Agent	Blazing_Skull
U.S._Agent	Bucky_(Marvel_Comics)
U.S._Agent	Deathlok
U.S._Agent	Guardsman_(character)
U.S._Agent	Hank_Pym
U.S._Agent	Hate-Monger
U.S._Agent	Human_Torch_(android)
U.S._Agent	Iron_Monger
U.S._Agent	Kaluu
U.S._Agent	Misty_Knight
U.S._Agent	Mockingbird_(Marvel_Comics)
U.S._Agent	Moon_Knight
U.S._Agent	Nuke_(Marvel_Comics)
U.S._Agent	Paladin_(comics)
U.S._Agent	Power_Broker_(character)
U.S._Agent	Professor_Power
U.S._Agent	Purple_Man
U.S._Agent	Scarlet_Witch
U.S._Agent	Shang-Chi
U.S._Agent	Sin_(Marvel_Comics)
U.S._Agent	Spider-Man
U.S._Agent	Super-Patriot_(Marvel_Comics)
U.S._Agent	Tarantula_(Marvel_Comics)
U.S._Agent	Thin_Man_(character)
U.S._Agent	Ultimo_(Marvel_Comics)
U.S._Agent	Union_Jack_(Joseph_Chapman)
U.S._Agent	War_Machine
U.S._Agent	Warrior_Woman_(Marvel_Comics)
U.S._Agent	Wolverine_(character)
Ultimo_(Marvel_Comics)	Ares_(Marvel_Comics)
Ultimo_(Marvel_Comics)	Deathlok
Ultimo_(Marvel_Comics)	Force_(comics)
Ultimo_(Marvel_Comics)	Guardsman_(character)
Ultimo_(Marvel_Comics)	Kearson_DeWitt
Ultimo_(Marvel_Comics)	Living_Laser
Ultimo_(Marvel_Comics)	Norman_Osborn
Ultimo_(Marvel_Comics)	Ultron
Ultimo_(Marvel_Comics)	War_Machine
Ultron	Adam_Warlock
Ultron	Ares_(Marvel_Comics)
Ultron	Beyonder
Ultron	Black_Panther_(character)
Ultron	Black_Talon_(comics)
Ultron	Cable_(character)
Ultron	Danger_Room
Ultron	Deadpool
Ultron	Deathlok
Ultron	Hank_Pym
Ultron	Hulk
Ultron	Human_Torch
Ultron	Human_Torch_(android)
Ultron	Luke_Cage
Ultron	Mockingbird_(Marvel_Comics)
Ultron	Phyla-Vell
Ultron	Quicksilver_(Marvel_Comics)
Ultron	Radioactive_Man_(comics)
Ultron	Rom_the_Space_Knight
Ultron	Scarlet_Witch
Ultron	Sentry_(Robert_Reynolds)
Ultron	Spider-Bitch_(Ashley_Barton)
Ultron	Spider-Man
Ultron	Super-Adaptoid
Ultron	Wolverine_(character)
Ulysses_Bloodstone	Elsa_Bloodstone
Ulysses_Bloodstone	She-Hulk
Ulysses_Bloodstone	Thanos
Union_Jack_(Joseph_Chapman)	Arabian_Knight_(character)
Union_Jack_(Joseph_Chapman)	Human_Torch_(android)
Union_Jack_(Joseph_Chapman)	Sabra_(character)
Union_Jack_(Joseph_Chapman)	Spitfire_(character)
Union_Jack_(Joseph_Chapman)	The_Union_(Marvel)
Union_Jack_(Joseph_Chapman)	Union_Jack_(Marvel_Comics)
Union_Jack_(Marvel_Comics)	Blazing_Skull
Union_Jack_(Marvel_Comics)	Human_Torch_(android)
Union_Jack_(Marvel_Comics)	Master_Man_(Marvel_Comics)
Union_Jack_(Marvel_Comics)	Spitfire_(character)
Union_Jack_(Marvel_Comics)	The_Union_(Marvel)
Union_Jack_(Marvel_Comics)	Union_Jack_(Joseph_Chapman)
Ursa_Major_(character)	Black_Panther_(character)
Ursa_Major_(character)	Black_Widow_(Natasha_Romanova)
Ursa_Major_(character)	Krang_(Marvel_Comics)
Ursa_Major_(character)	War_Machine
Ursa_Major_(character)	Wolverine_(character)
Val_Rhymin	Chase_Stein
Vance_Astrovik	Debrii
Vance_Astrovik	Gauntlet_(Joseph_Green)
Vance_Astrovik	Guardsman_(character)
Vance_Astrovik	Hank_Pym
Vance_Astrovik	Justice_(New_Universe)
Vance_Astrovik	Quicksilver_(Marvel_Comics)
Vance_Astrovik	Robbie_Baldwin
Vance_Astrovik	She-Hulk
Vance_Astrovik	Sphinx_(Marvel_Comics)
Varnae	Apocalypse_(character)
Varnae	Doctor_Strange
Varnae	Dracula_(Marvel_Comics)
Venom_(character)	Anne_Weying
Venom_(character)	Beyonder
Venom_(character)	Black_Cat_(Marvel_Comics)
Venom_(character)	Black_Panther_(character)
Venom_(character)	Black_Widow_(Natasha_Romanova)
Venom_(character)	Deadpool
Venom_(character)	Doctor_Strange
Venom_(character)	Dracula_(Marvel_Comics)
Venom_(character)	Eddie_Brock
Venom_(character)	Ghost_Rider
Venom_(character)	Gorr_the_God_Butcher
Venom_(character)	Iron_Fist_(character)
Venom_(character)	John_Jameson_(character)
Venom_(character)	Kingpin_(Matt_Murdock)
Venom_(character)	Kulan_Gath
Venom_(character)	Lizard_(character)
Venom_(character)	Luke_Cage
Venom_(character)	Mac_Gargan
Venom_(character)	Mania_(character)
Venom_(character)	Mayday_Parker
Venom_(character)	Ms._Marvel
Venom_(character)	Mysterio
Venom_(character)	Norman_Osborn
Venom_(character)	Red_Hulk
Venom_(character)	Rocket_Raccoon
Venom_(character)	Rom_the_Space_Knight
Venom_(character)	Ronan_the_Accuser
Venom_(character)	Scarlet_Spider
Venom_(character)	Shriek_(character)
Venom_(character)	Silk_(character)
Venom_(character)	Sleeper_(Marvel_Comics)
Venom_(character)	Spider-Man
Venom_(character)	Spider-Woman_(Gwen_Stacy)
Venom_(character)	Spot_(Marvel_Comics)
Venom_(character)	Thanos
Venom_(character)	Tinkerer_(Marvel_Comics)
Venom_(character)	Tombstone_(character)
Venom_(character)	Wolverine_(character)
Venom_(character)	Zarathos
Vibro_(comics)	Jack_Monroe_(character)
Vibro_(comics)	War_Machine
Victor_Timely	Deathlok
Victor_Timely	Human_Torch_(android)
Victor_Timely	Misty_Knight
Vindicator_(comics)	Attuma
Vindicator_(comics)	Guardian_(Marvel_Comics)
Vindicator_(comics)	Master_of_the_World_(character)
Vindicator_(comics)	Michael_Pointer_(character)
Vindicator_(comics)	Puck_(Marvel_Comics)
Vindicator_(comics)	Tundra_(Marvel_Comics)
Vindicator_(comics)	Wendigo_(comics)
Vindicator_(comics)	Wolverine_(Ultimate_Marvel_character)
Vindicator_(comics)	Wolverine_(character)
Virgo_(character)	Scorpio_(Marvel_Comics)
Virgo_(character)	Taurus_(Marvel_Comics)
Virgo_(character)	Thanos
Vulcan_(Marvel_Comics)	Black_Bolt
Vulcan_(Marvel_Comics)	Ch'od
Vulcan_(Marvel_Comics)	Cyclops_(Marvel_Comics)
Vulcan_(Marvel_Comics)	Darkhawk
Vulcan_(Marvel_Comics)	Deathbird
Vulcan_(Marvel_Comics)	Gladiator_(Kallark)
Vulcan_(Marvel_Comics)	Korvus
Vulcan_(Marvel_Comics)	Rachel_Summers
Vulcan_(Marvel_Comics)	Raza_Longknife
Vyking	Backhand_(character)
Vyking	Snapdragon_(Morituri)
War_(Marvel_Comics)	Apocalypse_(character)
War_(Marvel_Comics)	Cyclops_(Marvel_Comics)
War_(Marvel_Comics)	Deathbird
War_(Marvel_Comics)	Dracula_(Marvel_Comics)
War_(Marvel_Comics)	Hulk
War_(Marvel_Comics)	Jean_Grey
War_(Marvel_Comics)	Mister_Sinister
War_(Marvel_Comics)	Storm_(Marvel_Comics)
War_(Marvel_Comics)	Wolverine_(character)
War_Machine	Cable_(character)
War_Machine	Cloak_and_Dagger_(characters)
War_Machine	Deathlok
War_Machine	Iron_Monger
War_Machine	Radioactive_Man_(comics)
War_Machine	Thanos
War_Machine	Thunderball_(character)
Warrior_Woman_(Marvel_Comics)	Baron_Strucker
Warrior_Woman_(Marvel_Comics)	Human_Torch_(android)
Warrior_Woman_(Marvel_Comics)	Master_Man_(Marvel_Comics)
Warrior_Woman_(Marvel_Comics)	Toro_(character)
Wendigo_(comics)	Bi-Beast
Wendigo_(comics)	Cable_(character)
Wendigo_(comics)	Doctor_Strange
Wendigo_(comics)	Fin_Fang_Foom
Wendigo_(comics)	Guardian_(Marvel_Comics)
Wendigo_(comics)	Hulk
Wendigo_(comics)	She-Hulk
Wendigo_(comics)	Spider-Man
Wendigo_(comics)	Thunderbolt_Ross
Wendigo_(comics)	Wolverine_(character)
Werewolf_by_Night	Blade_(character)
Werewolf_by_Night	Deadpool
Werewolf_by_Night	Doctor_Strange
Werewolf_by_Night	Dracula_(Marvel_Comics)
Werewolf_by_Night	Frankenstein's_Monster_(Marvel_Comics)
Werewolf_by_Night	Ghost_Rider_(Johnny_Blaze)
Werewolf_by_Night	Green_Goblin
Werewolf_by_Night	Hangman_(Marvel_Comics)
Werewolf_by_Night	Hulk
Werewolf_by_Night	Jericho_Drumm
Werewolf_by_Night	John_Jameson_(character)
Werewolf_by_Night	Locksmith_(comics)
Werewolf_by_Night	Man-Thing
Werewolf_by_Night	Masked_Marauder
Werewolf_by_Night	Mister_Hyde_(Marvel_Comics)
Werewolf_by_Night	Moon_Knight
Werewolf_by_Night	Morbius
Werewolf_by_Night	Norman_Osborn
Werewolf_by_Night	Sabretooth_(character)
Werewolf_by_Night	Spider-Man
Werewolf_by_Night	Spider-Woman_(Jessica_Drew)
Werewolf_by_Night	Tatterdemalion
Werewolf_by_Night	Wendigo_(comics)
Werner_von_Strucker	Baron_Strucker
Werner_von_Strucker	Lash_(comics)
Whiplash_(Marvel_Comics)	Iron_Man_(Ultimate_Marvel_character)
Whiplash_(Marvel_Comics)	Jubilee_(character)
Whiplash_(Marvel_Comics)	Power_Broker_(character)
Whiplash_(Marvel_Comics)	Scorpio_(Marvel_Comics)
Whiplash_(Marvel_Comics)	Spider-Man
Whiplash_(Marvel_Comics)	Wolverine_(character)
White_Tiger_(Heroes_for_Hire)	Iron_Fist_(character)
White_Tiger_(Heroes_for_Hire)	Misty_Knight
White_Tiger_(Heroes_for_Hire)	White_Tiger_(comics)
White_Tiger_(comics)	Black_Panther_(character)
White_Tiger_(comics)	Iron_Fist_(character)
White_Tiger_(comics)	Lightmaster
White_Tiger_(comics)	Misty_Knight
White_Tiger_(comics)	Spider-Man
White_Tiger_(comics)	White_Tiger_(Heroes_for_Hire)
Whizzer_(Robert_Frank)	Black_Marvel
Whizzer_(Robert_Frank)	Deadpool
Whizzer_(Robert_Frank)	Human_Torch_(android)
Whizzer_(Robert_Frank)	Isbisa
Whizzer_(Robert_Frank)	Living_Laser
Whizzer_(Robert_Frank)	Quicksilver_(Marvel_Comics)
Whizzer_(Robert_Frank)	Scarlet_Witch
Whizzer_(Robert_Frank)	Toro_(character)
Wild_Child_(character)	Brent_Jackson
Wild_Child_(character)	Empath_(character)
Wild_Child_(character)	Guardian_(Marvel_Comics)
Wild_Child_(character)	Michael_Pointer_(character)
Wild_Child_(character)	Mister_Sinister
Wild_Child_(character)	Nanny_and_Orphan-Maker
Wild_Child_(character)	Sabretooth_(character)
Wild_Child_(character)	Wolverine_(character)
Will_o'_the_Wisp_(comics)	Jonas_Harrow
Will_o'_the_Wisp_(comics)	Scarecrow_(Marvel_Comics)
Will_o'_the_Wisp_(comics)	She-Hulk
Will_o'_the_Wisp_(comics)	Spider-Man
William_Burnside_(character)	Bucky_(Marvel_Comics)
William_Burnside_(character)	Doctor_Faustus_(character)
William_Burnside_(character)	Jack_Monroe_(character)
William_Burnside_(character)	Jeffrey_Mace
William_Burnside_(character)	Spider-Man
Wolverine_(Ultimate_Marvel_character)	Apocalypse_(character)
Wolverine_(Ultimate_Marvel_character)	Cable_(character)
Wolverine_(Ultimate_Marvel_character)	Cyclops_(Marvel_Comics)
Wolverine_(Ultimate_Marvel_character)	Hulk
Wolverine_(Ultimate_Marvel_character)	Iron_Man_(Ultimate_Marvel_character)
Wolverine_(Ultimate_Marvel_character)	Jean_Grey
Wolverine_(Ultimate_Marvel_character)	Malcolm_Colcord
Wolverine_(Ultimate_Marvel_character)	Mister_Sinister
Wolverine_(Ultimate_Marvel_character)	Phoenix_Force
Wolverine_(Ultimate_Marvel_character)	Sabretooth_(character)
Wolverine_(Ultimate_Marvel_character)	Storm_(Marvel_Comics)
Wolverine_(Ultimate_Marvel_character)	Wolverine_(character)
Wolverine_(character)	Abraham_Cornelius
Wolverine_(character)	Apocalypse_(character)
Wolverine_(character)	Cable_(character)
Wolverine_(character)	Cyclops_(Marvel_Comics)
Wolverine_(character)	Deadpool
Wolverine_(character)	Guardian_(Marvel_Comics)
Wolverine_(character)	Hercules_(Marvel_Comics)
Wolverine_(character)	Hulk
Wolverine_(character)	Iron_Fist_(character)
Wolverine_(character)	Jean_Grey
Wolverine_(character)	Jericho_Drumm
Wolverine_(character)	Jubilee_(character)
Wolverine_(character)	Phoenix_Force
Wolverine_(character)	Romulus_(comics)
Wolverine_(character)	Sabretooth_(character)
Wolverine_(character)	Scarlet_Witch
Wolverine_(character)	Spider-Man
Wolverine_(character)	Storm_(Marvel_Comics)
Wolverine_(character)	Venom_(character)
Wolverine_(character)	Vindicator_(comics)
Wolverine_(character)	Wendigo_(comics)
Wolverine_(character)	Wolverine_(Ultimate_Marvel_character)
Wrecker_(comics)	Bulldozer_(character)
Wrecker_(comics)	Doctor_Strange
Wrecker_(comics)	Ghost_Rider_(Danny_Ketch)
Wrecker_(comics)	Hank_Pym
Wrecker_(comics)	Hercules_(Marvel_Comics)
Wrecker_(comics)	Hulk
Wrecker_(comics)	Iron_Fist_(character)
Wrecker_(comics)	Luke_Cage
Wrecker_(comics)	Moon_Knight
Wrecker_(comics)	Piledriver_(character)
Wrecker_(comics)	Puppet_Master_(Marvel_Comics)
Wrecker_(comics)	Rampage_(Marvel_Comics)
Wrecker_(comics)	She-Hulk
Wrecker_(comics)	Shockwave_(comics)
Wrecker_(comics)	Spider-Man
Wrecker_(comics)	Spider-Woman_(Jessica_Drew)
Wrecker_(comics)	Thunderball_(character)
Wrecker_(comics)	Ulik
Xorn	Apocalypse_(character)
Xorn	Cyclops_(Marvel_Comics)
Xorn	Doctor_Strange
Xorn	Emma_Frost
Xorn	Jean_Grey
Xorn	Michael_Pointer_(character)
Xorn	Mister_Sinister
Xorn	Scarlet_Witch
Xorn	Sentry_(Robert_Reynolds)
Xorn	Spider-Man
Xorn	Wolverine_(character)
Yelena_Belova	Baron_Strucker
Yelena_Belova	Black_Widow_(Natasha_Romanova)
Yelena_Belova	Mentallo
Yelena_Belova	Mockingbird_(Marvel_Comics)
Yelena_Belova	Norman_Osborn
Yelena_Belova	Nuke_(Marvel_Comics)
Yelena_Belova	Red_Guardian
Yelena_Belova	Scientist_Supreme
Yelena_Belova	Sentry_(Robert_Reynolds)
Yelena_Belova	Shang-Chi
Yelena_Belova	Super-Adaptoid
Yelena_Belova	U.S._Agent
Ymir_(Marvel_Comics)	Doctor_Strange
Yo-Yo_Rodriguez	Hive_(character)
Yo-Yo_Rodriguez	Stonewall_(comics)
Zarathos	Blade_(character)
Zarathos	Ghost_Rider
Zarathos	Ghost_Rider_(Johnny_Blaze)
Zarrko	Beta_Ray_Bill
Zarrko	Dargo_Ktor
Zarrko	Human_Torch
Zarrko	Kristoff_Vernard
Zarrko	Spider-Man
Zenzi_(comics)	Black_Panther_(character)
Zenzi_(comics)	Tetu_(comics)
Zheng_Zu	Black_Panther_(character)
Zheng_Zu	Elsa_Bloodstone
Zheng_Zu	Fin_Fang_Foom
Zheng_Zu	Iron_Fist_(character)
Zheng_Zu	Luke_Cage
Zheng_Zu	Misty_Knight
Zheng_Zu	Shang-Chi
Zhou_Cheng	Iron_Fist_(character)
Zhou_Cheng	Luke_Cage
Zhou_Cheng	Misty_Knight
Zombie_(comics)	Black_Talon_(comics)
Zombie_(comics)	Blade_(character)
Zombie_(comics)	Deadpool
Zombie_(comics)	Jericho_Drumm
Zombie_(comics)	Man-Thing
Zzzax	Cable_(character)
Zzzax	Hulk
Zzzax	Luke_Cage
Zzzax	Pyro_(Marvel_Comics)
Zzzax	She-Hulk
Zzzax	Thunderbolt_Ross
